Crop Name,N,P,K,Soil Type,Season,Preferred Next Crop,Temperature,Rainfall (mm),Humidity
Tomato,54,56,86,Sandy,Winter,Barley,36,1580,57
Maize,63,91,99,Loamy,Monsoon,Sugarcane,39,806,78
Soybean,105,13,89,Clay,Winter,Rice,33,1489,86
Potato,130,52,57,Loamy,Summer,Rice,34,1827,46
Sugarcane,72,85,45,Loamy,Summer,Rice,17,1139,83
Potato,123,99,14,Sandy,Monsoon,Sugarcane,33,801,49
Cotton,61,89,18,Loamy,Summer,Cotton,28,2084,68
Potato,74,53,79,Clay,Monsoon,Chili,27,1208,42
Tomato,132,64,42,Sandy,Summer,Tomato,22,2433,89
Soybean,73,89,100,Clay,Monsoon,Rice,16,873,87
Wheat,110,42,40,Sandy,Monsoon,Tomato,16,1334,62
Chili,41,95,56,Sandy,Winter,Rice,32,1680,74
Potato,131,90,46,Sandy,Summer,Chili,22,2468,72
Tomato,46,56,84,Clay,Monsoon,Maize,18,1645,65
Maize,118,83,28,Clay,Winter,Chili,33,1977,62
Chili,84,14,45,Sandy,Summer,Potato,32,1237,90
Maize,132,23,13,Sandy,Monsoon,Potato,33,2353,90
Potato,20,41,84,Sandy,Monsoon,Sugarcane,15,584,85
Wheat,41,48,28,Sandy,Summer,Maize,15,2366,60
Sugarcane,92,87,90,Loamy,Monsoon,Sugarcane,24,2163,73
Rice,146,47,88,Loamy,Winter,Soybean,16,926,68
Cotton,101,68,75,Loamy,Monsoon,Tomato,37,512,69
Sugarcane,66,36,96,Clay,Summer,Maize,34,869,65
Tomato,46,93,56,Sandy,Summer,Tomato,33,1726,58
Barley,141,58,61,Clay,Winter,Wheat,26,2426,45
Sugarcane,148,84,88,Sandy,Monsoon,Rice,29,2298,72
Wheat,23,10,33,Sandy,Winter,Sugarcane,20,721,46
Rice,49,40,30,Loamy,Winter,Tomato,18,867,85
Rice,98,81,26,Loamy,Monsoon,Rice,26,1141,51
Barley,141,85,72,Sandy,Winter,Chili,28,617,42
Chili,45,71,37,Clay,Monsoon,Potato,35,1321,61
Barley,38,42,87,Loamy,Winter,Barley,32,2271,56
Soybean,56,64,50,Clay,Winter,Cotton,21,1955,63
Tomato,118,63,27,Clay,Monsoon,Rice,40,1957,87
Cotton,130,45,52,Clay,Summer,Rice,22,1466,69
Cotton,48,42,81,Sandy,Summer,Barley,22,2154,61
Potato,131,54,63,Clay,Monsoon,Maize,27,2050,40
Barley,40,76,98,Clay,Summer,Rice,19,1086,54
Soybean,118,24,67,Loamy,Monsoon,Potato,18,2342,51
Soybean,121,37,91,Loamy,Winter,Barley,15,1581,51
Soybean,74,10,41,Sandy,Winter,Maize,20,2455,75
Barley,48,80,50,Clay,Monsoon,Potato,23,1752,55
Sugarcane,143,87,42,Loamy,Monsoon,Maize,22,589,45
Wheat,140,58,39,Clay,Winter,Barley,33,1583,68
Potato,30,99,81,Sandy,Monsoon,Maize,32,1391,53
Rice,105,49,68,Sandy,Monsoon,Chili,23,1772,74
Chili,138,98,13,Loamy,Winter,Rice,28,1176,72
Chili,129,98,14,Clay,Winter,Rice,40,868,48
Tomato,74,68,93,Loamy,Summer,Tomato,18,1643,62
Rice,112,65,75,Clay,Winter,Wheat,27,806,88
Potato,47,69,90,Clay,Monsoon,Sugarcane,37,651,50
Sugarcane,69,69,79,Loamy,Monsoon,Soybean,24,1472,67
Barley,98,74,93,Loamy,Winter,Tomato,33,1563,89
Chili,67,79,48,Sandy,Summer,Wheat,22,2379,56
Wheat,39,12,43,Loamy,Monsoon,Chili,32,1483,63
Cotton,136,42,22,Sandy,Monsoon,Potato,25,1825,80
Wheat,89,79,16,Loamy,Winter,Cotton,37,2115,41
Soybean,64,34,25,Sandy,Summer,Chili,23,1677,41
Rice,47,58,13,Clay,Summer,Wheat,36,1459,57
Sugarcane,129,24,56,Clay,Winter,Soybean,29,1813,78
Tomato,92,22,41,Loamy,Winter,Barley,38,2269,79
Wheat,87,67,77,Sandy,Winter,Tomato,25,586,49
Tomato,25,67,29,Loamy,Winter,Wheat,16,1699,55
Cotton,60,37,87,Sandy,Summer,Barley,38,1556,83
Barley,58,21,24,Clay,Winter,Potato,24,878,70
Soybean,84,76,96,Sandy,Winter,Potato,22,2161,80
Wheat,112,27,84,Clay,Winter,Wheat,23,2331,56
Potato,91,27,84,Clay,Monsoon,Soybean,25,907,85
Barley,107,46,21,Loamy,Winter,Sugarcane,24,1884,49
Rice,97,34,52,Clay,Summer,Sugarcane,21,1453,80
Barley,139,17,16,Clay,Summer,Tomato,33,1885,84
Chili,61,76,94,Loamy,Monsoon,Cotton,40,722,82
Potato,59,38,36,Loamy,Winter,Cotton,33,1118,45
Maize,92,94,41,Loamy,Summer,Potato,27,1971,62
Maize,86,49,11,Sandy,Summer,Barley,17,1504,59
Cotton,30,39,63,Loamy,Winter,Wheat,30,886,60
Sugarcane,82,77,14,Sandy,Winter,Sugarcane,37,942,76
Chili,115,78,12,Clay,Winter,Cotton,36,2402,50
Chili,51,86,81,Loamy,Winter,Cotton,28,1432,90
Cotton,47,92,95,Sandy,Summer,Chili,17,1794,44
Potato,81,96,62,Sandy,Summer,Cotton,18,513,85
Soybean,100,31,67,Loamy,Monsoon,Chili,19,1237,67
Chili,74,20,36,Sandy,Monsoon,Chili,29,623,65
Barley,47,38,48,Clay,Winter,Maize,39,1380,88
Cotton,28,37,89,Sandy,Winter,Cotton,40,2041,73
Cotton,127,42,56,Loamy,Summer,Barley,28,1250,88
Maize,36,63,44,Loamy,Monsoon,Soybean,21,1685,45
Tomato,140,78,48,Loamy,Monsoon,Cotton,26,599,45
Cotton,47,61,32,Clay,Summer,Rice,17,2440,58
Sugarcane,148,23,74,Clay,Monsoon,Chili,19,1927,85
Wheat,88,53,46,Sandy,Summer,Potato,31,1249,40
Rice,89,49,62,Sandy,Monsoon,Barley,17,1461,41
Soybean,76,60,13,Clay,Monsoon,Rice,35,2143,73
Maize,24,20,53,Clay,Monsoon,Maize,31,710,65
Wheat,70,80,76,Sandy,Winter,Chili,18,2186,54
Barley,113,73,15,Loamy,Monsoon,Potato,25,772,43
Sugarcane,143,13,89,Sandy,Winter,Sugarcane,30,817,76
Soybean,39,73,53,Sandy,Summer,Tomato,36,1455,74
Chili,81,69,52,Clay,Winter,Potato,17,661,88
Cotton,59,98,49,Clay,Winter,Chili,28,1466,41
Cotton,70,34,74,Sandy,Summer,Cotton,30,2219,40
Tomato,121,55,50,Sandy,Summer,Soybean,29,668,63
Rice,20,99,45,Clay,Summer,Soybean,18,2419,48
Cotton,67,97,48,Sandy,Winter,Rice,21,1948,69
Rice,91,51,15,Sandy,Winter,Tomato,20,2095,41
Rice,66,18,58,Loamy,Summer,Soybean,34,1777,65
Maize,103,67,57,Loamy,Monsoon,Barley,21,950,67
Barley,100,61,71,Loamy,Winter,Wheat,26,2466,47
Wheat,90,42,79,Sandy,Winter,Sugarcane,33,1876,76
Potato,145,68,85,Clay,Summer,Wheat,23,1516,76
Barley,24,57,76,Clay,Summer,Rice,35,1320,61
Chili,145,47,88,Loamy,Winter,Maize,27,1855,84
Barley,65,35,20,Clay,Summer,Chili,36,1723,44
Barley,27,78,33,Sandy,Winter,Tomato,16,1502,48
Rice,108,88,69,Clay,Winter,Sugarcane,39,2308,79
Cotton,114,76,96,Loamy,Monsoon,Potato,40,853,66
Cotton,70,12,88,Clay,Summer,Cotton,22,2451,40
Cotton,67,91,87,Clay,Summer,Tomato,27,857,86
Maize,94,13,90,Sandy,Winter,Chili,23,1324,59
Potato,87,17,12,Loamy,Monsoon,Rice,39,2017,79
Wheat,116,52,44,Sandy,Summer,Wheat,39,720,58
Chili,37,89,54,Sandy,Monsoon,Sugarcane,21,750,66
Wheat,116,24,65,Clay,Monsoon,Soybean,19,1112,55
Wheat,149,57,45,Clay,Summer,Sugarcane,23,2257,57
Potato,26,10,60,Clay,Winter,Chili,31,1385,68
Cotton,23,28,27,Sandy,Winter,Maize,20,1305,63
Cotton,111,47,62,Clay,Monsoon,Potato,21,1056,75
Cotton,29,92,73,Loamy,Winter,Chili,33,1900,73
Cotton,103,91,58,Sandy,Winter,Soybean,38,1027,67
Rice,118,53,96,Loamy,Monsoon,Cotton,19,2206,90
Rice,27,15,51,Sandy,Monsoon,Tomato,19,1683,75
Sugarcane,118,46,29,Sandy,Summer,Cotton,40,1104,70
Cotton,33,31,47,Sandy,Winter,Wheat,30,821,71
Cotton,145,21,36,Clay,Summer,Rice,15,1939,72
Soybean,31,27,62,Clay,Summer,Tomato,20,911,58
Potato,82,23,93,Sandy,Winter,Wheat,16,1689,68
Maize,129,55,83,Clay,Winter,Chili,40,1661,49
Tomato,67,94,32,Loamy,Winter,Soybean,29,1820,64
Wheat,150,12,63,Clay,Summer,Cotton,19,1781,50
Rice,77,55,11,Sandy,Monsoon,Potato,34,1569,69
Soybean,91,58,29,Loamy,Summer,Maize,21,1238,56
Barley,29,16,19,Sandy,Winter,Potato,26,2067,86
Rice,57,40,39,Loamy,Summer,Maize,27,1913,60
Sugarcane,77,81,52,Loamy,Monsoon,Potato,21,2146,64
Potato,102,64,99,Clay,Summer,Potato,26,1783,72
Cotton,137,47,33,Clay,Summer,Cotton,21,2201,75
Maize,113,37,30,Clay,Summer,Maize,35,2166,60
Potato,128,62,21,Sandy,Winter,Rice,38,1517,89
Chili,91,48,18,Clay,Summer,Soybean,15,1846,66
Barley,73,66,23,Sandy,Monsoon,Tomato,18,564,59
Sugarcane,23,87,80,Loamy,Monsoon,Cotton,27,2243,63
Potato,68,66,21,Loamy,Winter,Sugarcane,15,533,73
Chili,70,82,51,Clay,Summer,Potato,20,1512,40
Tomato,141,40,59,Sandy,Monsoon,Barley,16,775,65
Chili,29,30,36,Clay,Monsoon,Sugarcane,27,1708,90
Chili,127,50,62,Loamy,Monsoon,Wheat,27,2285,51
Wheat,106,93,96,Clay,Summer,Barley,37,1767,40
Chili,91,76,85,Sandy,Summer,Potato,19,2278,68
Wheat,85,71,92,Loamy,Summer,Sugarcane,33,2008,63
Barley,126,90,60,Loamy,Monsoon,Barley,22,653,64
Wheat,105,33,52,Sandy,Monsoon,Wheat,30,1006,89
Tomato,32,48,73,Sandy,Winter,Chili,32,723,44
Sugarcane,63,22,32,Sandy,Summer,Barley,40,2051,77
Maize,84,48,32,Clay,Summer,Cotton,30,2330,73
Soybean,78,30,18,Loamy,Summer,Rice,39,1540,56
Maize,125,21,55,Loamy,Monsoon,Rice,35,986,41
Chili,72,35,52,Clay,Winter,Soybean,32,2453,66
Potato,27,70,60,Sandy,Summer,Sugarcane,25,2044,79
Barley,85,70,80,Loamy,Summer,Tomato,28,2284,49
Cotton,59,61,46,Clay,Summer,Chili,30,1117,51
Cotton,136,32,68,Clay,Summer,Potato,15,2140,61
Rice,71,20,55,Sandy,Summer,Wheat,25,865,90
Tomato,29,61,98,Loamy,Summer,Chili,22,1411,41
Sugarcane,134,58,61,Loamy,Winter,Tomato,15,2117,56
Potato,54,48,89,Sandy,Monsoon,Wheat,24,1605,43
Sugarcane,118,64,70,Loamy,Monsoon,Soybean,37,2161,64
Maize,73,88,45,Loamy,Monsoon,Cotton,23,706,50
Sugarcane,67,46,39,Clay,Winter,Soybean,28,1165,54
Tomato,23,27,53,Loamy,Summer,Rice,21,2421,90
Tomato,29,59,100,Sandy,Monsoon,Sugarcane,21,2260,43
Potato,122,41,18,Sandy,Summer,Maize,31,690,68
Barley,103,39,22,Loamy,Monsoon,Maize,15,818,47
Chili,54,48,84,Sandy,Monsoon,Tomato,20,1369,75
Barley,94,17,12,Clay,Winter,Maize,33,611,62
Cotton,122,49,68,Loamy,Summer,Rice,36,1548,55
Maize,142,16,46,Clay,Winter,Tomato,22,523,47
Soybean,94,45,51,Clay,Winter,Chili,34,2233,74
Maize,95,32,47,Clay,Monsoon,Sugarcane,36,608,77
Tomato,77,65,71,Clay,Monsoon,Sugarcane,16,1766,42
Chili,38,76,13,Sandy,Winter,Sugarcane,30,1577,54
Chili,114,30,97,Clay,Monsoon,Sugarcane,17,1369,73
Sugarcane,42,71,34,Sandy,Monsoon,Potato,24,1854,90
Sugarcane,140,78,43,Sandy,Winter,Rice,39,1663,84
Soybean,39,18,61,Sandy,Monsoon,Barley,25,1483,61
Chili,69,88,91,Loamy,Summer,Barley,19,652,59
Rice,141,61,44,Clay,Monsoon,Sugarcane,39,1302,71
Barley,42,47,42,Sandy,Winter,Cotton,36,2033,78
Rice,45,74,45,Sandy,Monsoon,Maize,27,1235,74
Maize,84,15,43,Loamy,Monsoon,Tomato,19,2259,52
Potato,93,22,79,Loamy,Summer,Rice,27,868,42
Rice,123,43,45,Sandy,Summer,Potato,40,1951,44
Chili,48,18,59,Clay,Monsoon,Maize,39,1034,57
Cotton,101,27,56,Sandy,Monsoon,Soybean,23,581,49
Maize,78,37,99,Sandy,Summer,Tomato,23,1233,74
Potato,24,26,17,Loamy,Winter,Rice,25,1987,52
Potato,97,72,92,Loamy,Summer,Cotton,19,1064,54
Potato,95,68,66,Loamy,Monsoon,Barley,40,907,64
Tomato,146,75,70,Sandy,Winter,Maize,17,1521,43
Chili,35,50,40,Loamy,Summer,Barley,17,1946,72
Potato,90,73,40,Sandy,Summer,Maize,31,894,69
Tomato,68,69,63,Sandy,Summer,Rice,32,1855,88
Rice,34,26,67,Clay,Winter,Soybean,37,1075,52
Potato,73,64,51,Clay,Summer,Sugarcane,40,1545,74
Cotton,56,68,87,Sandy,Winter,Cotton,24,1344,76
Rice,45,36,16,Sandy,Winter,Tomato,37,774,45
Barley,26,60,37,Sandy,Winter,Maize,22,1971,62
Potato,102,99,99,Clay,Winter,Maize,29,617,75
Potato,127,40,97,Clay,Monsoon,Wheat,19,2429,81
Tomato,132,68,47,Sandy,Monsoon,Chili,28,1561,79
Cotton,103,66,41,Loamy,Winter,Tomato,34,710,59
Sugarcane,128,75,67,Loamy,Winter,Barley,40,844,41
Barley,141,94,83,Loamy,Summer,Soybean,36,2440,90
Potato,90,83,65,Clay,Summer,Chili,22,2109,41
Maize,63,49,13,Loamy,Monsoon,Barley,23,2205,81
Tomato,118,59,48,Sandy,Winter,Barley,22,1519,84
Rice,89,24,74,Loamy,Winter,Tomato,37,2237,88
Chili,63,84,49,Sandy,Monsoon,Chili,33,1213,81
Sugarcane,97,61,77,Sandy,Monsoon,Rice,17,1621,75
Cotton,88,29,61,Clay,Summer,Rice,17,1343,48
Barley,36,90,17,Sandy,Summer,Potato,18,1471,44
Tomato,101,71,57,Sandy,Monsoon,Sugarcane,29,1868,79
Chili,126,94,85,Loamy,Winter,Maize,33,512,48
Rice,45,82,36,Loamy,Summer,Sugarcane,35,691,41
Wheat,121,32,25,Clay,Monsoon,Chili,29,1044,70
Soybean,92,69,19,Loamy,Summer,Barley,38,613,79
Cotton,131,34,17,Loamy,Winter,Maize,30,1148,86
Cotton,62,47,35,Loamy,Monsoon,Potato,25,1127,51
Cotton,37,41,77,Clay,Summer,Barley,29,1868,64
Sugarcane,101,72,37,Sandy,Summer,Sugarcane,27,2253,84
Cotton,100,88,41,Loamy,Winter,Soybean,36,2471,60
Potato,23,60,98,Sandy,Monsoon,Potato,20,1001,73
Potato,79,56,38,Sandy,Monsoon,Maize,27,1681,51
Potato,126,80,74,Loamy,Monsoon,Cotton,18,1205,44
Sugarcane,37,52,56,Loamy,Summer,Sugarcane,40,2201,44
Soybean,132,91,49,Sandy,Winter,Wheat,16,552,44
Sugarcane,32,12,70,Loamy,Summer,Cotton,40,647,40
Soybean,52,52,34,Loamy,Winter,Barley,22,1322,64
Soybean,37,75,28,Clay,Winter,Rice,32,1959,59
Chili,128,42,80,Clay,Summer,Soybean,35,690,48
Tomato,105,79,68,Clay,Monsoon,Sugarcane,15,714,60
Barley,149,69,69,Loamy,Monsoon,Wheat,29,1769,89
Rice,75,89,64,Clay,Winter,Potato,25,1219,56
Barley,104,76,49,Sandy,Winter,Tomato,16,1543,43
Potato,113,17,44,Sandy,Monsoon,Cotton,33,2244,58
Sugarcane,107,16,97,Loamy,Monsoon,Chili,28,1718,71
Maize,107,68,29,Loamy,Summer,Soybean,19,1252,63
Tomato,26,15,38,Sandy,Summer,Wheat,31,779,46
Potato,63,100,85,Clay,Monsoon,Rice,21,2021,50
Wheat,79,49,20,Clay,Summer,Wheat,39,2044,67
Maize,107,21,73,Clay,Summer,Cotton,24,1425,53
Sugarcane,21,19,96,Clay,Monsoon,Chili,39,2261,85
Maize,117,91,89,Clay,Winter,Rice,23,2094,45
Soybean,28,29,82,Loamy,Monsoon,Wheat,16,1813,78
Soybean,79,34,52,Sandy,Winter,Maize,19,1538,41
Maize,28,98,57,Sandy,Winter,Cotton,29,2046,49
Wheat,131,13,65,Clay,Monsoon,Cotton,25,1006,68
Soybean,28,20,41,Sandy,Monsoon,Potato,23,1503,80
Wheat,94,83,59,Loamy,Monsoon,Tomato,21,1145,47
Tomato,27,58,40,Loamy,Winter,Barley,27,2154,48
Potato,111,91,34,Clay,Monsoon,Soybean,32,1234,49
Soybean,28,85,15,Loamy,Monsoon,Maize,29,1774,80
Tomato,57,75,84,Clay,Monsoon,Wheat,29,1931,87
Maize,140,33,48,Loamy,Monsoon,Chili,21,1316,71
Cotton,88,89,83,Clay,Monsoon,Soybean,18,1169,59
Rice,73,31,78,Loamy,Summer,Soybean,15,1834,71
Maize,68,23,67,Clay,Winter,Soybean,27,1363,50
Barley,62,50,66,Sandy,Summer,Chili,15,2270,55
Barley,76,34,11,Loamy,Summer,Maize,32,893,76
Cotton,111,11,71,Loamy,Summer,Rice,35,868,86
Cotton,99,23,70,Loamy,Summer,Cotton,33,776,73
Rice,142,32,47,Clay,Monsoon,Barley,19,2305,87
Wheat,76,42,24,Sandy,Winter,Tomato,20,1934,53
Tomato,97,91,82,Loamy,Summer,Cotton,30,1463,51
Soybean,90,39,96,Sandy,Monsoon,Maize,30,554,78
Cotton,105,66,27,Clay,Monsoon,Chili,27,1473,67
Chili,60,69,23,Sandy,Monsoon,Wheat,17,2414,82
Chili,112,51,58,Sandy,Winter,Barley,18,1290,76
Rice,34,50,86,Loamy,Summer,Chili,15,1601,62
Rice,89,43,80,Sandy,Summer,Barley,39,2243,62
Potato,123,75,17,Clay,Summer,Rice,26,1868,81
Tomato,90,11,76,Loamy,Monsoon,Cotton,17,742,50
Cotton,67,79,98,Loamy,Monsoon,Soybean,38,630,74
Sugarcane,115,82,72,Sandy,Summer,Sugarcane,34,1733,63
Cotton,70,27,44,Clay,Monsoon,Rice,36,1875,55
Soybean,46,77,65,Clay,Summer,Cotton,27,951,40
Sugarcane,96,84,11,Loamy,Summer,Cotton,22,1728,75
Barley,31,95,34,Sandy,Monsoon,Soybean,32,2162,88
Barley,90,15,37,Loamy,Summer,Potato,37,1008,56
Barley,27,20,21,Loamy,Winter,Rice,32,1473,44
Soybean,48,17,30,Loamy,Monsoon,Chili,15,1584,84
Wheat,100,99,44,Sandy,Summer,Rice,15,1034,61
Potato,84,67,33,Sandy,Winter,Wheat,30,2433,81
Soybean,34,22,58,Loamy,Summer,Cotton,24,2464,41
Sugarcane,57,31,49,Clay,Monsoon,Sugarcane,15,1527,54
Soybean,59,15,32,Loamy,Monsoon,Sugarcane,18,1799,72
Maize,131,49,23,Loamy,Summer,Potato,32,2041,54
Potato,26,79,91,Sandy,Winter,Soybean,24,2312,82
Tomato,45,22,18,Sandy,Summer,Maize,21,2243,44
Maize,48,49,45,Sandy,Winter,Wheat,29,951,61
Potato,41,28,36,Loamy,Monsoon,Maize,30,780,65
Barley,23,86,80,Sandy,Winter,Tomato,30,1265,51
Rice,121,14,34,Loamy,Summer,Wheat,17,2175,53
Wheat,50,21,94,Sandy,Summer,Sugarcane,19,2346,85
Sugarcane,64,87,29,Sandy,Winter,Wheat,20,799,76
Cotton,146,34,90,Loamy,Monsoon,Sugarcane,27,1513,45
Cotton,58,17,94,Loamy,Monsoon,Sugarcane,40,1692,86
Rice,120,84,94,Clay,Winter,Cotton,27,1015,61
Cotton,39,11,91,Clay,Summer,Wheat,30,1297,88
Soybean,91,23,27,Clay,Monsoon,Rice,27,931,56
Rice,52,44,37,Clay,Winter,Maize,40,2357,67
Soybean,47,67,16,Sandy,Summer,Potato,15,1864,67
Potato,62,54,51,Sandy,Monsoon,Soybean,30,2083,88
Maize,43,37,20,Sandy,Summer,Barley,27,596,72
Tomato,95,40,89,Clay,Summer,Sugarcane,17,998,65
Maize,141,68,92,Loamy,Monsoon,Tomato,22,1938,77
Barley,143,74,36,Clay,Monsoon,Cotton,19,1766,43
Rice,70,23,79,Clay,Summer,Rice,33,1724,86
Sugarcane,123,94,98,Clay,Monsoon,Wheat,15,2165,81
Tomato,143,99,43,Clay,Monsoon,Barley,21,1012,80
Barley,126,79,92,Clay,Summer,Barley,27,545,42
Sugarcane,96,57,92,Clay,Summer,Wheat,21,1194,44
Rice,113,44,23,Clay,Winter,Tomato,17,1599,40
Barley,43,95,92,Clay,Winter,Maize,35,1376,75
Soybean,53,34,85,Loamy,Monsoon,Cotton,17,1306,87
Chili,26,96,81,Loamy,Winter,Barley,17,1515,52
Potato,56,76,67,Sandy,Monsoon,Maize,27,911,75
Rice,85,79,44,Sandy,Monsoon,Cotton,39,2117,40
Potato,83,88,32,Sandy,Winter,Barley,38,1335,40
Sugarcane,38,98,29,Clay,Summer,Potato,33,1789,79
Chili,34,11,42,Sandy,Monsoon,Tomato,15,1706,60
Tomato,99,96,29,Sandy,Monsoon,Potato,21,1724,51
Soybean,124,49,51,Clay,Monsoon,Barley,28,905,67
Barley,134,86,50,Loamy,Summer,Wheat,37,1686,87
Rice,125,87,11,Clay,Monsoon,Rice,17,1842,51
Sugarcane,77,99,91,Clay,Monsoon,Sugarcane,31,2415,76
Sugarcane,77,66,98,Loamy,Monsoon,Rice,24,1606,67
Tomato,52,79,94,Sandy,Summer,Potato,23,2089,63
Tomato,112,59,69,Clay,Summer,Cotton,31,2438,58
Sugarcane,83,78,92,Sandy,Monsoon,Maize,38,1556,71
Tomato,86,56,49,Sandy,Winter,Soybean,37,1849,51
Potato,101,21,63,Loamy,Summer,Sugarcane,22,2445,78
Chili,147,91,90,Sandy,Winter,Rice,31,1944,43
Wheat,125,63,45,Clay,Winter,Soybean,15,1336,74
Potato,112,90,81,Loamy,Monsoon,Maize,28,1525,85
Chili,116,73,97,Sandy,Monsoon,Sugarcane,38,692,79
Soybean,69,22,29,Clay,Monsoon,Rice,24,2317,49
Barley,125,60,35,Loamy,Summer,Tomato,37,1515,70
Soybean,111,28,28,Loamy,Winter,Wheat,34,2427,74
Barley,142,84,19,Clay,Summer,Chili,23,2024,86
Tomato,149,53,75,Sandy,Monsoon,Potato,17,1954,48
Cotton,82,81,100,Sandy,Summer,Rice,18,1216,59
Chili,123,25,74,Sandy,Winter,Wheat,40,520,45
Potato,127,77,35,Clay,Winter,Barley,34,599,53
Soybean,86,80,68,Sandy,Winter,Potato,31,1077,63
Maize,56,55,21,Sandy,Summer,Rice,39,1650,46
Sugarcane,141,26,40,Sandy,Winter,Sugarcane,27,1707,61
Wheat,119,62,73,Loamy,Summer,Potato,18,1577,85
Tomato,90,33,17,Sandy,Monsoon,Sugarcane,25,1266,53
Soybean,70,17,30,Clay,Monsoon,Potato,19,1149,90
Chili,54,30,46,Sandy,Summer,Sugarcane,39,1421,81
Soybean,127,55,67,Sandy,Winter,Tomato,22,1894,86
Wheat,30,85,25,Loamy,Summer,Potato,32,2061,78
Rice,40,75,46,Sandy,Monsoon,Sugarcane,17,1365,59
Rice,25,26,80,Loamy,Summer,Rice,21,1313,62
Chili,62,88,38,Loamy,Winter,Tomato,36,2101,53
Chili,31,55,28,Clay,Monsoon,Chili,27,1333,51
Rice,121,89,52,Clay,Summer,Sugarcane,34,2144,73
Rice,40,19,93,Clay,Winter,Potato,32,630,62
Sugarcane,34,11,11,Clay,Winter,Barley,36,1655,55
Barley,149,26,57,Loamy,Winter,Chili,22,816,85
Sugarcane,26,64,87,Clay,Winter,Soybean,40,1665,81
Maize,131,24,12,Loamy,Summer,Cotton,32,1509,83
Wheat,75,13,34,Clay,Monsoon,Soybean,16,1809,57
Barley,37,28,96,Sandy,Winter,Barley,32,1068,70
Soybean,72,29,10,Clay,Summer,Barley,36,1903,57
Rice,76,22,59,Clay,Summer,Sugarcane,40,2432,53
Cotton,23,74,18,Loamy,Winter,Maize,40,1720,85
Rice,74,61,37,Sandy,Summer,Tomato,39,2269,56
Wheat,88,75,20,Sandy,Winter,Chili,19,906,48
Barley,143,53,77,Sandy,Monsoon,Cotton,17,1087,72
Cotton,114,35,33,Sandy,Summer,Maize,32,1949,52
Cotton,126,48,78,Loamy,Winter,Maize,27,2190,64
Maize,65,85,98,Clay,Winter,Potato,19,939,58
Potato,34,15,26,Loamy,Monsoon,Maize,21,1470,58
Wheat,22,68,61,Loamy,Winter,Rice,21,1204,74
Potato,142,64,48,Loamy,Monsoon,Chili,23,671,81
Soybean,108,50,78,Loamy,Summer,Cotton,19,1842,54
Chili,125,20,57,Sandy,Monsoon,Cotton,15,930,80
Potato,37,21,17,Clay,Winter,Potato,20,1068,57
Chili,95,100,87,Loamy,Summer,Maize,17,655,46
Maize,124,35,63,Loamy,Monsoon,Rice,34,1020,56
Potato,82,97,44,Loamy,Summer,Wheat,32,2096,90
Rice,149,63,50,Clay,Monsoon,Wheat,22,1024,78
Tomato,33,63,86,Clay,Summer,Sugarcane,29,1852,76
Soybean,119,86,94,Loamy,Summer,Soybean,15,827,73
Wheat,110,17,33,Sandy,Monsoon,Potato,25,2325,41
Potato,59,41,90,Sandy,Summer,Rice,33,551,61
Maize,94,19,65,Clay,Winter,Sugarcane,21,931,40
Rice,144,35,28,Loamy,Winter,Sugarcane,26,746,44
Wheat,63,66,27,Sandy,Summer,Chili,32,691,77
Soybean,58,81,66,Sandy,Monsoon,Chili,16,670,42
Maize,64,79,21,Sandy,Summer,Chili,16,545,75
Wheat,100,37,27,Clay,Monsoon,Chili,34,1326,84
Potato,86,16,48,Loamy,Summer,Cotton,38,684,90
Wheat,51,82,26,Loamy,Summer,Wheat,35,1411,64
Sugarcane,119,35,52,Loamy,Winter,Chili,19,1915,73
Maize,89,59,58,Loamy,Winter,Rice,39,597,59
Soybean,46,26,46,Loamy,Winter,Rice,25,589,40
Soybean,85,82,25,Loamy,Monsoon,Maize,18,915,42
Barley,94,93,17,Clay,Winter,Cotton,20,748,62
Barley,122,97,67,Loamy,Monsoon,Potato,28,964,60
Rice,86,61,11,Clay,Monsoon,Cotton,27,1498,79
Barley,131,72,13,Loamy,Summer,Maize,34,1756,74
Tomato,132,19,70,Sandy,Monsoon,Tomato,17,1675,73
Rice,116,52,66,Sandy,Summer,Cotton,20,2406,63
Cotton,58,49,41,Sandy,Winter,Sugarcane,19,2380,73
Barley,148,68,40,Sandy,Summer,Potato,23,1460,86
Soybean,53,55,91,Sandy,Summer,Potato,19,866,54
Wheat,83,72,56,Clay,Winter,Sugarcane,26,1311,61
Barley,97,88,91,Clay,Summer,Potato,16,1327,63
Potato,89,74,45,Sandy,Monsoon,Maize,40,2014,69
Wheat,36,57,51,Clay,Summer,Maize,38,1258,86
Tomato,127,11,10,Clay,Monsoon,Barley,23,1576,78
Tomato,103,55,92,Sandy,Winter,Potato,32,1878,78
Rice,62,96,17,Loamy,Winter,Chili,40,1546,55
Maize,133,39,42,Clay,Monsoon,Barley,24,1452,87
Maize,93,92,35,Loamy,Summer,Rice,22,1796,59
Chili,38,80,94,Loamy,Monsoon,Wheat,34,543,51
Barley,82,19,15,Loamy,Winter,Potato,37,1138,68
Barley,52,99,36,Clay,Winter,Barley,21,2497,68
Chili,66,31,75,Sandy,Monsoon,Soybean,19,1443,45
Wheat,52,86,85,Sandy,Monsoon,Soybean,35,2061,75
Soybean,25,88,24,Sandy,Winter,Chili,35,1732,82
Potato,114,91,45,Clay,Summer,Soybean,32,2425,49
Cotton,74,55,66,Sandy,Winter,Potato,32,2266,69
Potato,107,62,97,Sandy,Winter,Wheat,31,1647,46
Cotton,123,92,54,Clay,Winter,Tomato,35,1476,81
Barley,120,62,90,Loamy,Monsoon,Potato,28,918,86
Maize,103,90,50,Loamy,Summer,Cotton,40,1799,53
Sugarcane,60,36,90,Loamy,Monsoon,Chili,17,2001,61
Chili,67,86,100,Clay,Monsoon,Wheat,34,2484,42
Tomato,88,47,91,Loamy,Winter,Cotton,38,2286,47
Tomato,29,40,34,Sandy,Winter,Potato,16,2199,75
Barley,69,37,17,Clay,Winter,Potato,30,1281,68
Potato,80,86,24,Clay,Monsoon,Tomato,15,1341,88
Wheat,24,92,35,Loamy,Monsoon,Maize,37,1555,56
Wheat,117,53,21,Sandy,Monsoon,Cotton,18,1008,59
Cotton,73,36,71,Loamy,Monsoon,Wheat,34,2091,68
Soybean,74,65,57,Loamy,Summer,Potato,30,936,42
Maize,92,79,12,Loamy,Winter,Soybean,36,1362,52
Potato,97,65,96,Clay,Monsoon,Tomato,20,1970,89
Potato,80,54,100,Sandy,Monsoon,Soybean,27,1891,70
Maize,84,18,64,Loamy,Summer,Barley,31,2177,85
Tomato,52,52,43,Loamy,Winter,Tomato,36,962,86
Sugarcane,87,57,48,Loamy,Summer,Tomato,27,1481,88
Soybean,80,25,44,Loamy,Winter,Maize,19,1129,79
Soybean,109,84,67,Clay,Winter,Rice,35,864,52
Soybean,54,55,31,Loamy,Winter,Sugarcane,31,2095,64
Barley,104,11,100,Loamy,Summer,Chili,29,531,72
Barley,132,51,23,Clay,Monsoon,Rice,35,1561,75
Rice,60,76,57,Loamy,Winter,Cotton,16,1970,76
Barley,99,35,91,Clay,Summer,Maize,18,2186,41
Wheat,40,81,86,Loamy,Winter,Chili,19,1357,41
Barley,29,12,62,Sandy,Winter,Soybean,30,2287,75
Potato,35,41,11,Clay,Monsoon,Chili,33,1807,76
Wheat,148,98,98,Clay,Winter,Maize,21,2226,73
Sugarcane,78,13,46,Clay,Monsoon,Rice,30,615,63
Tomato,140,54,84,Loamy,Monsoon,Soybean,26,1253,72
Cotton,44,41,88,Clay,Summer,Tomato,23,587,81
Chili,39,80,98,Sandy,Monsoon,Soybean,32,2082,86
Maize,39,67,40,Loamy,Winter,Wheat,36,551,53
Sugarcane,142,67,92,Clay,Summer,Wheat,32,1387,48
Rice,74,24,89,Loamy,Monsoon,Tomato,31,924,41
Chili,121,63,19,Loamy,Summer,Potato,24,1701,43
Tomato,145,29,11,Loamy,Monsoon,Rice,21,1433,81
Maize,145,98,14,Loamy,Monsoon,Cotton,38,2447,41
Sugarcane,49,86,33,Clay,Winter,Potato,23,2330,62
Chili,27,82,100,Sandy,Winter,Barley,24,977,78
Barley,41,48,67,Sandy,Monsoon,Barley,27,1808,69
Chili,40,83,40,Loamy,Summer,Tomato,37,1303,71
Sugarcane,54,57,77,Clay,Winter,Tomato,35,519,89
Maize,143,65,92,Loamy,Winter,Cotton,15,2373,72
Sugarcane,131,41,90,Clay,Monsoon,Cotton,22,1411,75
Chili,129,31,92,Loamy,Summer,Sugarcane,15,1223,77
Soybean,22,22,11,Clay,Winter,Potato,22,618,48
Potato,86,40,43,Clay,Monsoon,Wheat,39,2132,62
Soybean,116,90,32,Sandy,Monsoon,Soybean,21,2038,59
Soybean,146,73,25,Clay,Summer,Tomato,37,2154,63
Tomato,137,64,100,Sandy,Monsoon,Wheat,34,2323,46
Maize,85,66,61,Sandy,Summer,Tomato,29,1484,85
Potato,80,87,77,Clay,Summer,Chili,18,1845,72
Chili,81,12,85,Clay,Monsoon,Barley,18,1668,62
Barley,85,46,28,Loamy,Monsoon,Barley,26,946,67
Rice,119,29,31,Loamy,Winter,Soybean,39,593,56
Maize,57,30,45,Clay,Winter,Soybean,32,604,63
Tomato,32,70,25,Sandy,Monsoon,Cotton,18,801,53
Tomato,108,69,49,Clay,Winter,Chili,31,1293,65
Cotton,126,13,84,Clay,Monsoon,Cotton,17,1756,67
Barley,102,48,17,Loamy,Monsoon,Soybean,19,1239,60
Chili,34,87,74,Sandy,Winter,Cotton,21,723,68
Tomato,114,89,16,Sandy,Summer,Tomato,32,2178,45
Rice,109,71,75,Sandy,Monsoon,Rice,24,2155,73
Rice,46,14,82,Clay,Summer,Chili,38,2255,53
Chili,125,15,82,Sandy,Summer,Cotton,38,2197,68
Maize,62,94,25,Loamy,Summer,Rice,37,2076,50
Cotton,56,75,92,Loamy,Winter,Potato,16,574,84
Rice,26,22,41,Loamy,Monsoon,Soybean,38,860,79
Cotton,100,65,67,Sandy,Summer,Tomato,22,1970,83
Barley,120,10,25,Loamy,Monsoon,Sugarcane,20,1661,67
Barley,26,71,51,Sandy,Summer,Maize,38,1322,49
Rice,121,31,46,Clay,Monsoon,Sugarcane,25,714,58
Sugarcane,24,61,18,Sandy,Summer,Wheat,37,2343,61
Rice,150,14,48,Sandy,Monsoon,Wheat,30,1928,78
Barley,109,17,39,Loamy,Monsoon,Rice,21,514,83
Potato,57,56,88,Loamy,Monsoon,Rice,32,1909,80
Soybean,112,59,60,Clay,Monsoon,Wheat,34,1805,89
Barley,25,40,26,Loamy,Monsoon,Soybean,38,1128,79
Potato,92,60,20,Clay,Winter,Barley,31,627,48
Soybean,128,31,95,Sandy,Winter,Potato,29,910,48
Maize,149,98,17,Clay,Summer,Soybean,19,1892,44
Tomato,93,68,81,Loamy,Monsoon,Cotton,37,1318,65
Sugarcane,30,13,99,Loamy,Monsoon,Tomato,23,1614,89
Rice,97,70,27,Sandy,Summer,Cotton,28,986,46
Tomato,105,70,88,Clay,Winter,Rice,22,1613,57
Maize,27,30,97,Clay,Summer,Tomato,29,1685,65
Cotton,113,22,55,Sandy,Winter,Maize,23,1078,89
Maize,147,17,29,Loamy,Monsoon,Chili,19,1503,44
Barley,77,14,72,Loamy,Monsoon,Potato,31,815,82
Maize,141,15,32,Loamy,Monsoon,Cotton,15,1124,88
Maize,103,19,60,Loamy,Summer,Tomato,21,1536,60
Rice,109,81,87,Loamy,Summer,Barley,34,672,78
Soybean,89,98,53,Loamy,Monsoon,Maize,37,1905,88
Tomato,98,31,44,Loamy,Monsoon,Soybean,40,2472,43
Maize,92,44,40,Loamy,Monsoon,Rice,33,563,72
Cotton,128,48,74,Sandy,Winter,Cotton,25,2329,68
Tomato,65,42,42,Sandy,Winter,Wheat,22,944,65
Sugarcane,147,72,23,Sandy,Winter,Chili,33,1273,87
Barley,41,90,27,Loamy,Monsoon,Barley,34,2317,62
Potato,42,21,42,Loamy,Monsoon,Barley,22,933,52
Sugarcane,33,34,58,Sandy,Summer,Cotton,34,1727,55
Potato,23,96,17,Sandy,Summer,Tomato,26,2450,52
Potato,118,27,22,Sandy,Summer,Tomato,27,1029,71
Soybean,32,18,80,Sandy,Summer,Wheat,17,1972,85
Maize,104,57,19,Clay,Summer,Sugarcane,23,1628,50
Barley,51,81,63,Loamy,Summer,Barley,30,779,66
Wheat,112,29,15,Loamy,Monsoon,Rice,39,1589,52
Tomato,56,16,63,Clay,Monsoon,Tomato,28,2226,70
Maize,35,29,73,Sandy,Monsoon,Chili,37,781,89
Potato,133,64,22,Loamy,Summer,Cotton,24,1400,78
Rice,20,54,49,Clay,Winter,Barley,22,2181,79
Cotton,56,50,64,Clay,Winter,Chili,30,2081,88
Wheat,86,79,13,Sandy,Monsoon,Tomato,33,2377,73
Maize,115,24,52,Clay,Monsoon,Cotton,16,2424,81
Sugarcane,110,100,64,Sandy,Winter,Chili,32,1985,80
Tomato,120,71,97,Loamy,Summer,Potato,22,2240,43
Chili,54,82,62,Sandy,Winter,Tomato,30,1615,64
Rice,61,13,54,Loamy,Monsoon,Soybean,23,1485,65
Cotton,39,12,47,Loamy,Summer,Soybean,24,2002,61
Wheat,85,71,64,Sandy,Winter,Wheat,22,934,47
Chili,40,24,93,Clay,Monsoon,Potato,26,1102,57
Maize,56,59,16,Sandy,Monsoon,Rice,39,962,82
Sugarcane,121,36,61,Loamy,Monsoon,Tomato,29,2125,75
Soybean,98,39,45,Sandy,Summer,Tomato,31,1335,62
Sugarcane,24,11,46,Loamy,Summer,Soybean,39,2321,65
Chili,81,31,57,Sandy,Winter,Chili,15,536,75
Sugarcane,71,55,93,Loamy,Winter,Barley,25,573,85
Rice,50,76,42,Sandy,Winter,Barley,17,842,47
Potato,32,57,87,Clay,Winter,Tomato,34,1706,72
Sugarcane,72,47,45,Clay,Winter,Barley,22,1143,71
Barley,32,39,73,Clay,Summer,Wheat,28,2144,79
Maize,116,29,13,Clay,Monsoon,Tomato,38,1381,77
Soybean,52,21,37,Sandy,Winter,Potato,28,2114,82
Tomato,136,13,36,Loamy,Monsoon,Maize,31,1642,76
Soybean,33,99,54,Sandy,Winter,Rice,29,1404,80
Chili,75,73,26,Clay,Summer,Tomato,25,1655,41
Chili,69,44,20,Clay,Winter,Chili,15,1439,60
Tomato,120,34,81,Loamy,Summer,Potato,21,1064,79
Soybean,20,70,65,Sandy,Monsoon,Wheat,18,894,86
Rice,30,81,74,Sandy,Summer,Tomato,27,2381,84
Sugarcane,130,96,79,Loamy,Summer,Barley,21,1001,67
Potato,24,70,54,Loamy,Winter,Wheat,27,960,87
Maize,21,99,28,Sandy,Winter,Potato,15,1321,59
Chili,129,14,41,Loamy,Summer,Maize,18,554,67
Potato,82,91,44,Clay,Monsoon,Sugarcane,25,1618,51
Rice,54,94,23,Clay,Monsoon,Barley,37,780,60
Sugarcane,30,83,46,Clay,Summer,Chili,37,588,75
Soybean,60,81,35,Sandy,Monsoon,Wheat,23,1800,59
Maize,124,96,14,Sandy,Summer,Rice,39,2048,63
Potato,28,46,76,Clay,Summer,Wheat,31,969,90
Cotton,24,63,52,Sandy,Summer,Barley,33,671,43
Sugarcane,74,12,48,Loamy,Winter,Tomato,36,1443,47
Tomato,54,74,68,Sandy,Summer,Soybean,27,1534,55
Rice,133,100,85,Clay,Summer,Maize,18,2327,50
Cotton,143,16,50,Clay,Summer,Tomato,28,1491,61
Chili,136,29,26,Clay,Winter,Tomato,29,1508,56
Soybean,99,86,29,Clay,Winter,Wheat,15,2397,67
Tomato,146,66,85,Sandy,Winter,Soybean,29,704,47
Sugarcane,109,96,86,Sandy,Winter,Wheat,39,694,48
Tomato,22,68,10,Loamy,Summer,Soybean,22,2023,51
Cotton,119,96,32,Clay,Summer,Potato,30,1837,80
Maize,70,90,58,Clay,Summer,Wheat,27,595,71
Potato,142,84,88,Loamy,Monsoon,Wheat,32,855,41
Wheat,48,83,32,Loamy,Winter,Cotton,23,849,58
Maize,146,69,95,Sandy,Monsoon,Tomato,29,600,52
Wheat,128,78,48,Clay,Winter,Tomato,33,2304,75
Soybean,66,24,93,Clay,Winter,Maize,33,1966,79
Chili,96,92,91,Loamy,Winter,Soybean,34,2306,45
Cotton,72,13,55,Clay,Winter,Cotton,33,1422,60
Sugarcane,89,20,47,Sandy,Summer,Rice,23,1058,55
Maize,130,73,20,Clay,Monsoon,Potato,33,2491,77
Barley,100,52,62,Sandy,Summer,Wheat,30,2280,49
Potato,23,34,100,Sandy,Monsoon,Chili,31,706,61
Wheat,125,13,18,Sandy,Summer,Rice,26,1511,66
Barley,148,100,61,Clay,Winter,Barley,22,817,48
Maize,87,33,77,Sandy,Monsoon,Chili,35,653,42
Maize,140,75,81,Loamy,Monsoon,Cotton,19,1563,64
Potato,65,65,88,Sandy,Summer,Barley,35,1016,46
Cotton,131,32,47,Clay,Summer,Chili,18,2217,58
Sugarcane,139,37,99,Loamy,Summer,Tomato,17,1878,72
Maize,51,59,81,Clay,Summer,Barley,20,1022,54
Maize,123,80,64,Sandy,Winter,Wheat,25,1258,68
Maize,20,48,30,Clay,Summer,Sugarcane,31,1980,58
Maize,75,65,33,Loamy,Winter,Chili,27,2458,58
Wheat,25,17,18,Clay,Monsoon,Chili,20,1583,53
Wheat,21,57,46,Loamy,Summer,Rice,25,957,72
Potato,29,90,80,Clay,Summer,Soybean,28,1973,81
Maize,35,51,69,Loamy,Winter,Cotton,35,1201,63
Maize,82,58,43,Clay,Monsoon,Cotton,21,1035,55
Chili,138,16,56,Clay,Monsoon,Rice,19,1499,55
Soybean,55,76,33,Loamy,Monsoon,Chili,16,1298,64
Maize,63,57,87,Loamy,Monsoon,Cotton,28,2149,88
Tomato,63,54,65,Clay,Summer,Sugarcane,36,2165,75
Soybean,26,57,86,Loamy,Winter,Chili,22,1238,82
Rice,125,44,96,Sandy,Summer,Cotton,37,1705,52
Tomato,84,100,14,Loamy,Winter,Tomato,34,614,86
Sugarcane,96,95,68,Sandy,Summer,Chili,35,2251,76
Tomato,35,49,65,Loamy,Winter,Wheat,35,2070,90
Rice,69,96,25,Sandy,Monsoon,Rice,33,2200,76
Chili,33,29,97,Loamy,Winter,Potato,17,1402,83
Cotton,141,82,90,Loamy,Winter,Chili,21,2441,46
Barley,87,83,54,Loamy,Winter,Cotton,34,2468,61
Potato,132,74,23,Clay,Summer,Wheat,37,2460,87
Chili,39,51,66,Loamy,Winter,Soybean,36,1567,56
Rice,131,12,71,Clay,Summer,Cotton,19,982,88
Potato,62,12,88,Sandy,Monsoon,Wheat,34,2354,66
Cotton,112,29,85,Clay,Monsoon,Tomato,34,1698,82
Rice,101,45,94,Clay,Summer,Wheat,34,1109,48
Sugarcane,118,19,11,Clay,Winter,Wheat,34,1194,59
Wheat,66,87,28,Clay,Summer,Potato,21,1675,47
Barley,132,37,57,Loamy,Monsoon,Tomato,40,1574,71
Cotton,145,54,96,Sandy,Summer,Rice,38,2455,58
Cotton,135,17,40,Clay,Summer,Wheat,39,2133,85
Maize,120,62,49,Sandy,Summer,Sugarcane,15,1804,81
Potato,124,39,63,Clay,Winter,Cotton,29,2415,41
Soybean,52,98,70,Sandy,Summer,Sugarcane,39,2027,59
Potato,32,39,78,Loamy,Summer,Soybean,34,2394,69
Rice,29,58,10,Sandy,Winter,Potato,24,2151,68
Chili,26,76,52,Loamy,Monsoon,Sugarcane,28,2330,47
Barley,129,86,69,Sandy,Winter,Tomato,29,2176,68
Chili,87,33,17,Sandy,Summer,Potato,22,1681,90
Barley,65,57,84,Sandy,Winter,Sugarcane,24,1782,41
Maize,117,44,44,Clay,Monsoon,Potato,38,1999,64
Cotton,37,99,91,Sandy,Summer,Chili,29,2198,55
Chili,105,17,88,Sandy,Winter,Cotton,32,1860,80
Barley,140,80,41,Sandy,Monsoon,Barley,34,1622,86
Tomato,56,25,61,Sandy,Winter,Soybean,23,788,82
Rice,68,65,97,Sandy,Summer,Chili,20,1867,44
Barley,90,22,67,Sandy,Winter,Wheat,25,1806,80
Soybean,119,20,70,Loamy,Monsoon,Tomato,25,2392,67
Sugarcane,45,90,75,Clay,Monsoon,Barley,37,689,48
Potato,117,34,18,Loamy,Summer,Chili,28,526,88
Wheat,149,83,28,Loamy,Winter,Wheat,17,2293,43
Tomato,59,56,77,Clay,Winter,Sugarcane,22,790,63
Maize,66,20,64,Loamy,Summer,Potato,32,1967,79
Barley,43,94,66,Clay,Monsoon,Sugarcane,20,1570,49
Rice,81,81,13,Clay,Monsoon,Potato,28,1624,54
Tomato,115,91,65,Loamy,Winter,Cotton,32,813,87
Potato,69,93,25,Clay,Monsoon,Barley,21,1649,58
Chili,60,55,21,Clay,Winter,Rice,34,2415,72
Maize,75,41,45,Clay,Summer,Potato,30,2112,55
Soybean,133,97,34,Sandy,Monsoon,Sugarcane,24,1081,66
Wheat,146,70,39,Loamy,Summer,Chili,29,1650,87
Rice,139,15,21,Sandy,Summer,Chili,20,2336,78
Chili,113,73,59,Sandy,Winter,Wheat,39,2094,67
Barley,96,34,68,Loamy,Summer,Cotton,33,1587,69
Rice,20,39,96,Clay,Winter,Maize,36,1626,51
Wheat,60,25,19,Clay,Winter,Chili,30,1356,61
Tomato,42,19,91,Clay,Monsoon,Chili,36,1206,47
Maize,113,64,67,Loamy,Summer,Tomato,19,2380,89
Soybean,105,69,34,Clay,Monsoon,Cotton,33,2413,55
Maize,74,76,24,Loamy,Summer,Chili,22,2180,86
Soybean,127,28,41,Clay,Summer,Rice,27,1165,75
Barley,96,60,48,Loamy,Monsoon,Wheat,20,978,81
Maize,55,98,92,Clay,Monsoon,Rice,18,1298,67
Maize,114,75,77,Sandy,Summer,Cotton,32,1641,72
Maize,150,52,65,Loamy,Monsoon,Cotton,36,542,64
Maize,36,99,46,Sandy,Summer,Potato,38,1902,70
Tomato,75,71,53,Sandy,Winter,Wheat,18,531,84
Barley,117,38,27,Clay,Winter,Maize,33,1979,75
Potato,98,81,52,Clay,Summer,Maize,18,917,44
Potato,51,95,23,Loamy,Winter,Sugarcane,39,2391,73
Soybean,64,39,74,Clay,Summer,Maize,26,1331,75
Chili,145,67,63,Loamy,Summer,Potato,22,2458,58
Tomato,90,93,80,Sandy,Monsoon,Barley,39,1405,63
Maize,81,28,39,Clay,Summer,Wheat,27,838,68
Sugarcane,53,75,32,Clay,Monsoon,Tomato,17,1430,57
Maize,34,88,42,Sandy,Winter,Sugarcane,40,893,60
Barley,39,29,49,Loamy,Summer,Wheat,21,1770,69
Potato,109,39,94,Clay,Monsoon,Wheat,26,538,67
Chili,55,72,34,Loamy,Summer,Chili,16,1590,42
Barley,86,78,96,Sandy,Monsoon,Chili,17,1698,73
Maize,97,99,13,Clay,Winter,Sugarcane,31,1512,44
Cotton,150,25,81,Clay,Monsoon,Maize,36,1319,82
Rice,104,58,34,Sandy,Monsoon,Barley,25,712,53
Potato,29,67,55,Clay,Monsoon,Tomato,19,1837,70
Tomato,140,54,31,Sandy,Monsoon,Chili,31,1691,90
Soybean,117,84,75,Loamy,Summer,Sugarcane,27,2264,70
Rice,49,70,64,Clay,Monsoon,Rice,26,1270,63
Chili,20,53,53,Clay,Winter,Tomato,16,2404,90
Soybean,48,21,22,Sandy,Winter,Barley,28,1264,43
Barley,141,60,17,Sandy,Summer,Soybean,40,2039,51
Potato,20,59,35,Loamy,Winter,Chili,37,801,51
Soybean,146,60,94,Clay,Monsoon,Barley,37,960,70
Barley,115,30,11,Clay,Summer,Chili,35,574,86
Sugarcane,102,63,85,Sandy,Summer,Rice,20,838,46
Tomato,76,51,80,Clay,Winter,Maize,27,1980,76
Barley,80,47,16,Sandy,Monsoon,Cotton,29,1169,81
Sugarcane,115,100,60,Clay,Monsoon,Maize,40,633,42
Rice,66,61,84,Loamy,Winter,Potato,29,2009,41
Maize,49,95,79,Loamy,Monsoon,Chili,27,1436,56
Sugarcane,96,61,98,Clay,Monsoon,Rice,33,2078,59
Barley,126,81,90,Clay,Monsoon,Sugarcane,21,1995,76
Wheat,91,16,10,Loamy,Summer,Soybean,32,1319,44
Barley,41,44,75,Loamy,Monsoon,Tomato,15,1033,61
Tomato,103,16,76,Sandy,Summer,Potato,22,1772,63
Barley,53,72,74,Sandy,Winter,Chili,21,1519,83
Tomato,84,73,95,Clay,Monsoon,Rice,23,1952,81
Cotton,77,66,56,Sandy,Monsoon,Potato,34,505,85
Soybean,145,15,33,Sandy,Winter,Chili,35,1598,68
Soybean,34,88,60,Sandy,Summer,Sugarcane,18,1937,56
Chili,89,53,51,Loamy,Monsoon,Barley,35,2122,84
Potato,41,36,21,Loamy,Winter,Maize,30,1793,60
Tomato,40,21,40,Sandy,Monsoon,Cotton,38,1489,89
Chili,42,75,99,Loamy,Monsoon,Rice,22,2468,90
Sugarcane,33,28,24,Sandy,Winter,Sugarcane,27,1854,83
Soybean,86,100,21,Sandy,Monsoon,Potato,35,2191,77
Barley,129,25,99,Clay,Monsoon,Rice,19,913,80
Wheat,133,43,90,Sandy,Monsoon,Barley,40,1806,63
Potato,142,54,10,Loamy,Summer,Barley,39,1139,68
Rice,21,98,80,Loamy,Monsoon,Rice,23,1179,85
Sugarcane,35,19,16,Loamy,Monsoon,Rice,19,1085,45
Cotton,74,16,85,Sandy,Monsoon,Soybean,18,660,82
Chili,119,83,83,Sandy,Summer,Cotton,37,2201,62
Tomato,52,99,85,Clay,Winter,Wheat,31,1434,68
Potato,142,17,65,Sandy,Monsoon,Rice,15,1218,57
Soybean,26,48,38,Loamy,Monsoon,Barley,39,822,49
Tomato,138,13,47,Sandy,Winter,Potato,16,650,46
Rice,32,40,35,Clay,Monsoon,Chili,25,1358,41
Potato,148,34,14,Clay,Summer,Chili,25,2048,46
Rice,68,33,45,Clay,Monsoon,Maize,36,718,67
Soybean,43,88,28,Clay,Summer,Maize,32,503,90
Potato,110,90,43,Sandy,Monsoon,Tomato,33,2168,70
Tomato,141,95,19,Clay,Summer,Chili,18,697,76
Cotton,110,90,51,Loamy,Winter,Tomato,30,709,61
Cotton,146,63,67,Loamy,Summer,Potato,33,1677,71
Tomato,72,54,46,Clay,Monsoon,Cotton,35,1078,70
Rice,30,84,96,Sandy,Monsoon,Rice,29,1345,87
Cotton,35,41,29,Loamy,Monsoon,Barley,18,989,68
Chili,35,50,80,Clay,Summer,Cotton,26,1279,66
Barley,82,87,25,Loamy,Summer,Rice,23,793,65
Potato,56,44,99,Sandy,Monsoon,Tomato,21,1085,76
Maize,135,60,63,Clay,Monsoon,Cotton,20,1940,71
Sugarcane,142,30,74,Sandy,Monsoon,Cotton,30,894,62
Wheat,43,57,35,Clay,Summer,Potato,35,1094,63
Maize,128,38,22,Clay,Winter,Cotton,27,1432,45
Cotton,131,20,43,Sandy,Monsoon,Potato,39,2112,63
Potato,133,62,59,Clay,Winter,Cotton,18,1720,88
Cotton,51,26,15,Loamy,Winter,Soybean,17,2334,76
Potato,71,97,64,Clay,Summer,Soybean,27,2343,54
Cotton,84,34,33,Loamy,Summer,Cotton,23,2053,47
Rice,57,20,63,Sandy,Winter,Barley,20,1928,56
Tomato,61,38,13,Loamy,Winter,Wheat,25,991,86
Barley,91,56,17,Clay,Monsoon,Potato,24,1604,54
Tomato,108,31,93,Loamy,Monsoon,Potato,25,542,90
Cotton,62,91,78,Sandy,Winter,Rice,33,824,46
Chili,112,70,33,Clay,Summer,Maize,24,786,90
Sugarcane,86,37,77,Loamy,Summer,Tomato,22,1433,79
Tomato,86,79,76,Loamy,Winter,Tomato,15,2310,73
Barley,60,72,44,Clay,Summer,Barley,30,1193,67
Barley,113,98,92,Sandy,Winter,Maize,36,2138,42
Wheat,120,23,14,Loamy,Summer,Soybean,36,2164,62
Cotton,128,18,29,Loamy,Monsoon,Chili,17,2244,70
Barley,137,81,79,Sandy,Monsoon,Chili,25,1680,51
Chili,26,15,56,Loamy,Monsoon,Maize,28,1472,55
Maize,84,72,31,Clay,Monsoon,Wheat,23,1155,74
Cotton,64,50,85,Loamy,Winter,Barley,25,724,73
Tomato,47,51,81,Loamy,Summer,Chili,37,812,65
Tomato,101,96,15,Sandy,Summer,Barley,31,2288,71
Maize,142,54,40,Sandy,Summer,Maize,19,2452,47
Wheat,137,44,58,Sandy,Summer,Tomato,26,1372,87
Tomato,34,31,36,Clay,Winter,Sugarcane,34,2249,68
Maize,32,90,61,Clay,Winter,Sugarcane,28,862,63
Rice,140,60,36,Sandy,Summer,Maize,26,2193,43
Potato,109,19,73,Loamy,Winter,Wheat,40,1555,79
Soybean,91,84,78,Loamy,Monsoon,Chili,27,671,49
Barley,55,72,74,Sandy,Monsoon,Chili,31,1204,71
Maize,26,28,96,Clay,Winter,Chili,24,1013,55
Potato,118,21,70,Clay,Winter,Rice,27,912,72
Sugarcane,130,63,88,Loamy,Summer,Barley,34,1827,62
Potato,114,19,57,Clay,Summer,Chili,30,1056,50
Maize,90,92,42,Sandy,Summer,Potato,23,908,48
Soybean,25,43,90,Loamy,Monsoon,Barley,24,536,44
Soybean,43,76,73,Clay,Monsoon,Potato,26,2181,41
Potato,49,81,89,Sandy,Summer,Barley,39,2002,88
Tomato,85,32,38,Loamy,Winter,Maize,35,1016,77
Sugarcane,20,23,52,Sandy,Monsoon,Rice,26,740,51
Rice,55,85,94,Clay,Summer,Chili,18,910,40
Wheat,47,66,89,Loamy,Monsoon,Rice,26,1643,52
Sugarcane,58,62,48,Loamy,Winter,Soybean,38,1626,68
Maize,150,33,30,Loamy,Summer,Cotton,40,736,42
Wheat,112,87,44,Loamy,Monsoon,Potato,16,2249,41
Barley,47,90,53,Sandy,Summer,Rice,17,627,70
Potato,51,36,13,Clay,Winter,Potato,25,1369,70
Cotton,149,95,98,Loamy,Summer,Potato,33,1196,47
Chili,68,35,47,Sandy,Monsoon,Maize,17,1680,51
Sugarcane,114,79,70,Loamy,Monsoon,Sugarcane,27,1451,42
Soybean,137,53,27,Sandy,Winter,Soybean,39,1066,48
Sugarcane,146,28,23,Loamy,Summer,Chili,40,1472,50
Sugarcane,23,23,89,Loamy,Summer,Chili,19,1804,79
Rice,110,78,82,Clay,Winter,Sugarcane,31,1161,42
Tomato,146,99,41,Loamy,Summer,Rice,35,1537,53
Potato,35,44,60,Loamy,Winter,Cotton,18,888,53
Maize,115,100,58,Sandy,Monsoon,Wheat,15,1939,52
Chili,81,16,70,Clay,Summer,Rice,36,2469,83
Rice,78,93,37,Loamy,Monsoon,Wheat,26,1562,80
Barley,115,87,64,Sandy,Summer,Soybean,35,1466,89
Soybean,72,19,88,Sandy,Winter,Barley,33,1907,78
Rice,93,10,85,Loamy,Winter,Sugarcane,28,844,87
Sugarcane,95,29,15,Sandy,Monsoon,Tomato,35,1475,42
Wheat,100,86,95,Loamy,Winter,Potato,38,1398,75
Barley,132,99,72,Clay,Winter,Maize,18,1497,51
Sugarcane,47,22,68,Loamy,Winter,Maize,23,1597,53
Sugarcane,41,58,74,Clay,Monsoon,Cotton,33,2098,65
Cotton,44,57,17,Sandy,Winter,Potato,37,1974,48
Wheat,77,93,78,Loamy,Winter,Wheat,29,2222,54
Soybean,116,11,50,Loamy,Summer,Sugarcane,28,753,72
Maize,31,24,49,Sandy,Summer,Soybean,35,1105,51
Tomato,50,91,49,Sandy,Monsoon,Cotton,31,1882,58
Rice,107,92,64,Loamy,Summer,Wheat,16,569,58
Maize,108,76,71,Loamy,Monsoon,Rice,38,1577,54
Sugarcane,28,66,86,Loamy,Monsoon,Potato,17,2084,54
Rice,144,95,82,Loamy,Summer,Potato,20,2201,86
Chili,131,47,66,Clay,Winter,Cotton,39,1794,89
Potato,111,92,90,Sandy,Summer,Chili,19,599,42
Chili,91,76,77,Clay,Monsoon,Tomato,38,1380,53
Cotton,109,17,71,Loamy,Monsoon,Tomato,19,1085,71
Soybean,88,72,75,Loamy,Winter,Maize,23,1418,89
Maize,48,54,56,Sandy,Summer,Tomato,31,1196,48
Cotton,92,79,48,Clay,Monsoon,Cotton,21,950,57
Potato,137,22,55,Loamy,Monsoon,Tomato,23,885,68
Potato,144,14,75,Sandy,Monsoon,Maize,16,1158,41
Chili,64,45,72,Clay,Winter,Tomato,15,667,90
Tomato,138,65,55,Sandy,Monsoon,Potato,35,1399,70
Maize,25,77,81,Loamy,Winter,Wheat,17,758,73
Soybean,27,79,92,Sandy,Monsoon,Chili,18,921,83
Rice,120,84,82,Sandy,Winter,Cotton,25,1093,41
Rice,129,57,36,Loamy,Summer,Tomato,22,574,66
Soybean,68,58,76,Clay,Monsoon,Maize,40,1637,59
Barley,126,16,85,Clay,Summer,Sugarcane,37,2163,46
Potato,48,94,16,Loamy,Winter,Soybean,32,2446,70
Wheat,141,30,48,Clay,Winter,Soybean,23,1526,67
Wheat,102,43,24,Loamy,Winter,Barley,38,689,88
Soybean,130,41,60,Sandy,Monsoon,Sugarcane,40,1567,62
Maize,129,80,22,Sandy,Winter,Wheat,28,707,42
Maize,39,68,29,Sandy,Winter,Rice,34,897,86
Cotton,115,27,69,Loamy,Summer,Potato,39,2117,69
Barley,126,70,19,Loamy,Summer,Barley,37,603,58
Cotton,91,35,16,Sandy,Winter,Tomato,21,1697,58
Soybean,137,81,61,Sandy,Monsoon,Cotton,26,2348,53
Sugarcane,135,11,14,Sandy,Monsoon,Rice,33,2363,49
Maize,24,42,97,Sandy,Summer,Potato,21,1294,43
Cotton,134,18,13,Loamy,Monsoon,Maize,19,1395,78
Chili,34,77,33,Sandy,Monsoon,Chili,31,2441,51
Rice,97,95,76,Loamy,Summer,Rice,16,741,45
Chili,89,42,40,Clay,Summer,Chili,23,1051,63
Chili,43,18,86,Loamy,Monsoon,Cotton,27,2366,44
Cotton,61,46,87,Loamy,Summer,Soybean,30,1688,59
Tomato,42,95,93,Sandy,Winter,Chili,31,1513,56
Barley,20,82,19,Loamy,Summer,Chili,40,745,90
Tomato,79,88,42,Sandy,Winter,Maize,22,2295,62
Potato,93,43,26,Sandy,Monsoon,Sugarcane,36,1805,49
Barley,95,49,32,Sandy,Summer,Chili,16,645,47
Potato,121,29,60,Loamy,Winter,Sugarcane,15,2484,40
Tomato,62,12,22,Loamy,Summer,Wheat,18,1379,83
Cotton,146,98,95,Loamy,Summer,Chili,35,2169,75
Chili,35,53,64,Clay,Monsoon,Rice,21,1361,41
Maize,28,90,68,Sandy,Summer,Potato,26,1287,48
Maize,113,10,34,Sandy,Monsoon,Tomato,40,826,82
Rice,66,88,89,Clay,Monsoon,Barley,24,538,71
Soybean,112,50,56,Loamy,Monsoon,Cotton,21,1386,42
Soybean,99,23,76,Loamy,Winter,Wheat,34,1297,63
Cotton,79,45,69,Sandy,Winter,Rice,20,1891,41
Potato,144,76,35,Loamy,Summer,Soybean,16,1289,58
Sugarcane,127,98,36,Clay,Summer,Soybean,37,2018,67
Maize,106,75,75,Sandy,Monsoon,Barley,21,2047,42
Potato,42,38,10,Loamy,Summer,Soybean,23,2341,88
Wheat,36,72,38,Loamy,Monsoon,Cotton,28,1882,65
Rice,63,93,50,Sandy,Winter,Barley,39,1178,69
Barley,32,19,46,Sandy,Monsoon,Barley,37,1684,66
Maize,47,52,63,Sandy,Winter,Wheat,33,1712,90
Barley,133,51,84,Sandy,Monsoon,Cotton,26,2077,67
Potato,64,95,57,Clay,Monsoon,Tomato,27,1437,46
Maize,56,50,83,Loamy,Monsoon,Soybean,39,2067,51
Soybean,37,27,85,Loamy,Summer,Soybean,28,1145,43
Maize,20,10,54,Loamy,Monsoon,Tomato,25,1562,56
Chili,95,91,94,Loamy,Monsoon,Tomato,27,1650,49
Sugarcane,61,68,76,Clay,Summer,Barley,21,2363,85
Wheat,75,18,55,Clay,Monsoon,Cotton,36,2398,82
Soybean,22,67,49,Sandy,Winter,Rice,19,695,74
Barley,36,87,86,Loamy,Summer,Rice,24,1444,81
Chili,96,82,86,Clay,Winter,Soybean,35,2324,87
Cotton,91,42,90,Clay,Monsoon,Rice,38,1155,50
Sugarcane,61,65,80,Clay,Winter,Rice,26,2134,58
Tomato,52,17,29,Clay,Monsoon,Tomato,31,1785,50
Tomato,84,84,73,Sandy,Winter,Soybean,28,2340,74
Cotton,75,56,23,Loamy,Winter,Tomato,15,1486,49
Cotton,99,18,100,Loamy,Winter,Barley,33,1485,70
Cotton,143,85,33,Loamy,Summer,Soybean,16,812,70
Tomato,145,60,37,Clay,Summer,Cotton,30,1008,65
Tomato,76,21,90,Loamy,Winter,Sugarcane,33,686,45
Wheat,112,40,10,Sandy,Winter,Rice,33,2060,43
Maize,50,64,96,Loamy,Summer,Rice,18,709,51
Maize,120,37,12,Loamy,Winter,Potato,16,954,83
Cotton,77,20,44,Clay,Winter,Barley,31,1166,59
Cotton,25,28,53,Sandy,Winter,Sugarcane,31,664,86
Sugarcane,149,37,53,Clay,Winter,Wheat,39,1978,64
Cotton,86,54,61,Sandy,Winter,Sugarcane,15,1075,83
Potato,91,50,25,Loamy,Summer,Soybean,29,1065,58
Wheat,48,85,12,Sandy,Summer,Barley,21,882,90
Soybean,77,69,58,Loamy,Summer,Potato,39,967,59
Chili,28,55,77,Sandy,Winter,Chili,15,2345,48
Wheat,48,51,35,Clay,Monsoon,Chili,28,1263,48
Sugarcane,90,79,80,Sandy,Monsoon,Wheat,37,2315,61
Cotton,66,28,95,Loamy,Monsoon,Sugarcane,35,1232,64
Chili,88,96,29,Loamy,Summer,Maize,20,1881,55
Sugarcane,31,24,42,Clay,Winter,Sugarcane,40,1188,41
Cotton,107,69,97,Clay,Summer,Rice,16,2256,62
Potato,145,38,65,Clay,Summer,Sugarcane,19,1354,89
Tomato,98,74,66,Clay,Winter,Soybean,23,1506,72
Sugarcane,59,100,54,Sandy,Summer,Maize,23,1517,56
Soybean,52,68,54,Clay,Summer,Wheat,19,847,69
Soybean,33,86,12,Clay,Summer,Wheat,32,1182,68
Sugarcane,89,46,23,Loamy,Winter,Rice,24,1958,40
Sugarcane,66,81,16,Sandy,Summer,Cotton,40,1386,64
Rice,120,29,63,Loamy,Summer,Rice,32,967,66
Sugarcane,141,51,99,Clay,Winter,Tomato,26,807,76
Rice,80,47,63,Clay,Monsoon,Cotton,39,774,75
Sugarcane,133,10,28,Clay,Summer,Tomato,32,2465,89
Soybean,67,16,11,Sandy,Monsoon,Maize,26,933,90
Rice,65,64,98,Sandy,Winter,Cotton,33,508,66
Cotton,99,18,21,Sandy,Winter,Chili,33,943,45
Rice,54,58,99,Sandy,Monsoon,Barley,39,1473,41
Potato,45,64,23,Clay,Summer,Tomato,40,2154,73
Rice,73,19,68,Sandy,Monsoon,Cotton,39,1449,75
Cotton,78,52,73,Sandy,Winter,Chili,26,813,84
Soybean,114,26,40,Sandy,Monsoon,Chili,16,1949,54
Barley,95,82,38,Loamy,Summer,Barley,25,906,87
Cotton,150,71,36,Loamy,Monsoon,Chili,18,952,43
Chili,122,33,81,Sandy,Summer,Cotton,39,2323,57
Chili,74,93,24,Sandy,Summer,Tomato,26,1890,51
Soybean,116,80,95,Loamy,Monsoon,Chili,29,564,40
Rice,75,76,55,Sandy,Monsoon,Potato,37,2167,90
Maize,118,98,38,Loamy,Monsoon,Cotton,40,1789,40
Maize,57,83,11,Clay,Winter,Rice,20,1172,64
Cotton,36,35,13,Loamy,Summer,Tomato,17,1891,41
Cotton,56,75,39,Loamy,Monsoon,Cotton,28,1429,64
Tomato,99,50,34,Loamy,Monsoon,Cotton,30,1921,73
Rice,121,78,99,Loamy,Winter,Sugarcane,22,1358,41
Soybean,88,21,74,Clay,Summer,Rice,27,2059,54
Wheat,46,79,52,Loamy,Monsoon,Barley,25,1760,80
Sugarcane,91,10,11,Sandy,Winter,Soybean,32,1678,74
Potato,79,85,14,Loamy,Summer,Cotton,31,1037,67
Rice,128,79,48,Loamy,Summer,Cotton,17,1580,87
Maize,112,68,70,Clay,Winter,Maize,31,2218,73
Sugarcane,142,49,84,Loamy,Winter,Sugarcane,20,1269,45
Tomato,135,45,24,Sandy,Summer,Maize,18,1004,51
Potato,45,67,82,Clay,Summer,Potato,39,1800,50
Tomato,108,87,10,Clay,Winter,Rice,15,618,48
Cotton,25,10,74,Loamy,Winter,Cotton,35,1923,43
Cotton,26,26,82,Sandy,Monsoon,Rice,23,2286,77
Tomato,33,37,46,Clay,Summer,Maize,24,552,56
Barley,118,71,36,Loamy,Summer,Wheat,35,2145,50
Rice,119,27,41,Clay,Winter,Barley,17,741,57
Rice,122,94,63,Sandy,Winter,Chili,23,886,45
Wheat,34,44,64,Sandy,Summer,Tomato,26,1551,56
Cotton,61,66,65,Clay,Winter,Wheat,37,953,41
Rice,26,85,40,Clay,Winter,Potato,22,504,85
Potato,133,77,98,Sandy,Monsoon,Wheat,21,878,54
Barley,93,76,98,Clay,Winter,Wheat,35,1937,69
Soybean,104,56,10,Sandy,Winter,Chili,30,1131,86
Potato,128,51,90,Loamy,Monsoon,Sugarcane,32,1256,46
Maize,39,17,33,Loamy,Winter,Barley,32,2095,59
Barley,90,73,93,Loamy,Winter,Potato,20,1975,56
Potato,88,55,13,Sandy,Monsoon,Sugarcane,38,544,53
Cotton,36,90,27,Loamy,Monsoon,Chili,15,2246,46
Wheat,32,38,18,Loamy,Winter,Barley,16,1046,83
Cotton,122,43,56,Loamy,Monsoon,Chili,39,1772,84
Potato,107,47,44,Clay,Winter,Tomato,33,909,45
Soybean,130,79,67,Sandy,Winter,Cotton,26,2454,40
Soybean,133,62,95,Clay,Winter,Potato,37,868,82
Rice,144,43,56,Clay,Monsoon,Potato,33,921,72
Sugarcane,51,65,50,Sandy,Monsoon,Cotton,38,1735,72
Chili,26,31,91,Clay,Monsoon,Maize,21,507,60
Soybean,34,32,80,Loamy,Monsoon,Wheat,34,2329,61
Rice,93,78,84,Clay,Summer,Wheat,37,1125,88
Barley,139,51,73,Loamy,Summer,Barley,35,1611,76
Maize,104,14,64,Loamy,Monsoon,Barley,36,1557,84
Maize,66,92,38,Sandy,Summer,Wheat,32,1599,87
Sugarcane,124,27,19,Clay,Winter,Chili,17,1184,78
Sugarcane,143,56,48,Loamy,Summer,Rice,21,1468,65
Soybean,110,65,58,Loamy,Winter,Soybean,36,1074,76
Wheat,149,86,31,Clay,Winter,Cotton,24,2433,72
Tomato,92,81,39,Sandy,Winter,Tomato,15,2133,40
Potato,143,21,93,Loamy,Summer,Cotton,35,1511,46
Rice,89,16,34,Loamy,Winter,Rice,18,1730,56
Barley,69,99,26,Clay,Winter,Maize,23,858,89
Tomato,99,78,38,Sandy,Summer,Wheat,27,1404,57
Potato,36,81,56,Loamy,Summer,Chili,37,813,64
Maize,23,89,75,Loamy,Summer,Chili,32,1536,56
Barley,42,52,78,Sandy,Monsoon,Sugarcane,39,1581,49
Cotton,139,11,87,Clay,Winter,Barley,32,2284,83
Maize,72,40,66,Sandy,Summer,Soybean,22,1524,85
Tomato,49,25,36,Sandy,Monsoon,Tomato,40,1306,77
Chili,79,12,25,Clay,Monsoon,Soybean,16,1948,64
Maize,51,64,18,Clay,Winter,Soybean,19,680,72
Sugarcane,67,53,85,Clay,Monsoon,Sugarcane,23,1475,70
Soybean,74,51,87,Sandy,Monsoon,Wheat,18,1788,57
Rice,27,50,87,Sandy,Monsoon,Barley,38,1072,54
Tomato,94,14,76,Loamy,Winter,Rice,35,2325,46
Rice,146,84,28,Sandy,Summer,Potato,34,2319,61
Barley,77,32,12,Clay,Winter,Sugarcane,28,1819,54
Chili,94,36,79,Clay,Summer,Tomato,31,1913,54
Chili,104,90,95,Sandy,Summer,Barley,27,1930,76
Chili,66,25,78,Loamy,Summer,Maize,32,1763,47
Barley,74,24,73,Loamy,Winter,Soybean,26,620,44
Cotton,66,72,90,Loamy,Monsoon,Maize,31,1282,55
Wheat,43,28,68,Sandy,Monsoon,Sugarcane,31,1926,55
Rice,75,64,62,Loamy,Winter,Chili,19,1070,46
Potato,145,73,54,Sandy,Summer,Sugarcane,30,2405,66
Potato,138,21,96,Loamy,Winter,Maize,31,2048,43
Maize,71,71,89,Sandy,Summer,Maize,37,1689,87
Chili,68,17,30,Sandy,Winter,Soybean,15,1523,69
Barley,107,39,31,Clay,Summer,Potato,20,2238,85
Rice,93,55,22,Loamy,Summer,Sugarcane,19,1030,65
Soybean,81,36,56,Loamy,Winter,Rice,17,1920,74
Chili,60,25,57,Sandy,Winter,Chili,17,1158,59
Sugarcane,149,17,24,Clay,Monsoon,Barley,21,2211,56
Soybean,35,26,41,Loamy,Monsoon,Chili,25,767,80
Soybean,43,63,98,Clay,Summer,Wheat,33,1074,61
Chili,60,64,92,Loamy,Monsoon,Tomato,25,1346,60
Cotton,52,65,57,Sandy,Winter,Rice,30,683,69
Sugarcane,63,47,63,Loamy,Winter,Maize,37,1588,66
Soybean,118,83,81,Clay,Summer,Wheat,23,522,49
Barley,132,42,97,Clay,Monsoon,Barley,29,2289,54
Soybean,124,96,45,Sandy,Winter,Sugarcane,18,582,81
Barley,44,92,91,Loamy,Monsoon,Barley,18,1158,65
Chili,119,35,83,Clay,Winter,Rice,15,2229,49
Cotton,127,50,54,Loamy,Monsoon,Tomato,21,2096,90
Sugarcane,42,88,89,Sandy,Winter,Potato,38,1650,52
Maize,118,10,44,Clay,Winter,Potato,28,1625,87
Potato,123,59,90,Sandy,Winter,Potato,18,2242,77
Barley,35,11,77,Loamy,Winter,Chili,40,858,67
Barley,41,28,15,Loamy,Summer,Wheat,25,1813,54
Wheat,112,71,55,Loamy,Winter,Barley,37,1266,83
Sugarcane,135,91,95,Clay,Winter,Soybean,26,1528,41
Tomato,52,16,77,Sandy,Monsoon,Tomato,27,1373,70
Rice,126,36,36,Loamy,Winter,Cotton,15,1166,49
Rice,125,35,30,Sandy,Monsoon,Barley,22,2338,68
Maize,76,63,41,Loamy,Monsoon,Sugarcane,32,1646,44
Soybean,60,83,22,Clay,Summer,Potato,16,733,74
Rice,36,10,53,Loamy,Monsoon,Cotton,37,2117,89
Rice,146,100,24,Sandy,Summer,Barley,31,2280,70
Wheat,53,18,56,Clay,Summer,Tomato,27,1651,81
Wheat,40,72,92,Loamy,Summer,Tomato,27,2267,44
Rice,118,24,88,Sandy,Winter,Soybean,16,1030,66
Maize,105,52,31,Clay,Monsoon,Cotton,18,1955,90
Rice,63,67,65,Clay,Winter,Soybean,31,695,56
Sugarcane,52,38,19,Loamy,Winter,Chili,29,2041,49
Tomato,87,62,72,Clay,Winter,Rice,35,1825,68
Barley,143,15,64,Loamy,Winter,Barley,20,1917,51
Maize,79,34,40,Loamy,Winter,Wheat,16,1984,86
Barley,74,67,40,Sandy,Monsoon,Barley,21,679,77
Maize,85,18,30,Loamy,Summer,Tomato,31,2322,77
Cotton,73,16,14,Sandy,Monsoon,Wheat,39,910,52
Chili,133,100,28,Clay,Summer,Chili,32,1643,52
Tomato,135,39,60,Sandy,Monsoon,Wheat,25,1489,87
Wheat,49,93,16,Clay,Summer,Barley,25,1430,79
Potato,139,24,96,Clay,Monsoon,Barley,18,1085,54
Wheat,35,88,85,Loamy,Summer,Sugarcane,35,1344,65
Cotton,145,53,80,Sandy,Summer,Rice,36,1354,57
Maize,22,45,52,Loamy,Monsoon,Chili,35,1127,56
Maize,73,83,29,Sandy,Summer,Tomato,27,1486,62
Sugarcane,101,10,85,Sandy,Summer,Rice,40,857,55
Barley,52,20,55,Clay,Winter,Maize,18,1509,60
Barley,96,83,81,Sandy,Winter,Tomato,27,989,87
Wheat,141,28,41,Sandy,Monsoon,Cotton,38,1246,64
Rice,110,35,40,Loamy,Monsoon,Barley,23,2489,80
Maize,62,22,72,Clay,Winter,Sugarcane,32,1411,41
Potato,124,53,78,Loamy,Winter,Sugarcane,23,2229,90
Chili,73,33,16,Sandy,Summer,Sugarcane,39,1390,59
Potato,48,84,20,Loamy,Monsoon,Tomato,25,1924,84
Sugarcane,45,49,59,Clay,Winter,Sugarcane,32,1547,51
Sugarcane,75,30,49,Loamy,Monsoon,Barley,18,1550,62
Barley,28,35,77,Loamy,Monsoon,Soybean,37,1772,88
Tomato,126,77,23,Clay,Monsoon,Wheat,40,2337,45
Sugarcane,80,74,65,Loamy,Monsoon,Wheat,29,1172,69
Rice,121,37,93,Clay,Monsoon,Wheat,40,2070,51
Wheat,53,77,70,Clay,Winter,Chili,31,530,68
Wheat,51,31,12,Sandy,Monsoon,Maize,31,1311,54
Wheat,55,30,33,Sandy,Monsoon,Sugarcane,33,1937,90
Soybean,119,47,95,Loamy,Monsoon,Soybean,32,1452,85
Barley,140,94,97,Clay,Monsoon,Cotton,23,2112,50
Wheat,128,99,50,Sandy,Summer,Maize,18,1633,72
Barley,148,49,41,Loamy,Winter,Chili,39,2047,49
Soybean,68,85,68,Loamy,Winter,Chili,37,1962,81
Chili,135,49,37,Loamy,Summer,Barley,35,1394,63
Barley,95,50,38,Clay,Winter,Cotton,22,1313,40
Maize,21,52,70,Sandy,Winter,Rice,40,1034,43
Barley,35,91,91,Sandy,Summer,Wheat,32,944,90
Tomato,140,36,52,Clay,Monsoon,Rice,20,1450,79
Maize,149,17,32,Loamy,Summer,Wheat,21,1612,51
Tomato,43,63,26,Clay,Monsoon,Sugarcane,17,1426,75
Maize,149,91,38,Loamy,Summer,Potato,34,1859,59
Barley,60,11,14,Loamy,Summer,Tomato,15,1646,70
Chili,68,25,79,Clay,Winter,Rice,39,505,83
Cotton,129,93,86,Loamy,Monsoon,Wheat,24,2171,47
Wheat,99,91,93,Loamy,Monsoon,Tomato,17,1151,41
Rice,76,14,75,Clay,Summer,Chili,40,1354,89
Rice,29,21,50,Sandy,Summer,Maize,37,2456,56
Soybean,85,15,89,Loamy,Monsoon,Chili,23,1288,67
Sugarcane,57,65,55,Loamy,Monsoon,Sugarcane,40,1505,41
Tomato,31,88,81,Clay,Summer,Chili,37,1493,40
Potato,71,74,50,Sandy,Monsoon,Sugarcane,33,2499,48
Soybean,23,67,16,Loamy,Summer,Chili,39,1634,88
Wheat,87,73,100,Sandy,Winter,Potato,25,2029,67
Potato,44,26,57,Clay,Summer,Maize,33,818,58
Tomato,82,69,55,Loamy,Winter,Sugarcane,27,2471,75
Potato,112,37,73,Sandy,Monsoon,Barley,21,828,73
Maize,139,38,96,Sandy,Monsoon,Wheat,19,1442,81
Rice,81,44,73,Sandy,Monsoon,Sugarcane,39,1653,45
Rice,127,87,42,Loamy,Summer,Wheat,26,1168,81
Maize,90,16,21,Clay,Monsoon,Cotton,27,2429,51
Soybean,98,47,48,Sandy,Monsoon,Rice,19,1388,56
Potato,138,56,91,Clay,Monsoon,Wheat,17,952,72
Maize,51,77,15,Sandy,Monsoon,Rice,21,1240,57
Wheat,86,58,38,Sandy,Monsoon,Chili,39,1470,75
Barley,43,49,89,Sandy,Monsoon,Cotton,20,2329,61
Potato,68,32,57,Sandy,Monsoon,Barley,15,1101,65
Maize,140,37,31,Sandy,Monsoon,Soybean,19,1232,75
Tomato,94,54,18,Sandy,Winter,Potato,16,1677,45
Soybean,128,87,58,Clay,Winter,Barley,32,2286,87
Potato,74,94,32,Clay,Monsoon,Maize,15,1490,78
Tomato,138,42,45,Loamy,Winter,Wheat,32,1331,42
Soybean,20,85,14,Sandy,Monsoon,Wheat,16,2451,41
Soybean,54,67,41,Sandy,Winter,Potato,21,1593,71
Cotton,93,39,59,Clay,Summer,Sugarcane,15,2195,49
Wheat,113,64,44,Sandy,Monsoon,Barley,36,1384,84
Cotton,54,36,83,Clay,Summer,Cotton,38,1475,51
Sugarcane,61,72,12,Sandy,Winter,Rice,33,1934,56
Wheat,117,92,90,Sandy,Winter,Barley,26,1165,46
Potato,45,49,51,Loamy,Monsoon,Potato,34,1022,56
Rice,127,91,31,Clay,Summer,Wheat,22,2173,64
Potato,84,61,30,Clay,Summer,Maize,40,2337,90
Rice,50,90,89,Sandy,Monsoon,Maize,26,2023,61
Wheat,43,76,57,Loamy,Summer,Barley,40,945,63
Maize,125,30,46,Sandy,Monsoon,Soybean,16,541,44
Cotton,43,95,26,Loamy,Winter,Barley,17,984,83
Soybean,67,59,49,Sandy,Winter,Barley,15,1601,69
Soybean,54,79,50,Loamy,Summer,Potato,33,1487,72
Chili,64,88,21,Loamy,Winter,Chili,25,1816,89
Soybean,130,68,37,Clay,Monsoon,Potato,27,1072,42
Barley,54,97,35,Sandy,Monsoon,Cotton,22,1861,54
Chili,137,67,26,Clay,Monsoon,Sugarcane,33,2211,75
Chili,76,99,17,Sandy,Summer,Barley,27,2024,90
Wheat,117,97,72,Loamy,Winter,Barley,20,1798,76
Barley,141,31,99,Clay,Summer,Rice,20,2341,77
Sugarcane,49,31,57,Loamy,Monsoon,Tomato,32,1096,57
Chili,110,47,34,Clay,Summer,Potato,37,2182,63
Maize,126,12,50,Sandy,Monsoon,Barley,29,945,47
Maize,149,92,36,Clay,Monsoon,Soybean,17,1361,68
Potato,33,65,72,Sandy,Monsoon,Rice,35,1361,79
Soybean,92,47,17,Sandy,Summer,Barley,26,851,68
Sugarcane,146,45,73,Sandy,Winter,Tomato,34,1184,44
Soybean,117,22,20,Clay,Summer,Wheat,16,901,87
Rice,150,33,64,Loamy,Monsoon,Rice,17,2457,74
Tomato,61,72,45,Sandy,Winter,Chili,35,785,60
Wheat,115,22,19,Loamy,Summer,Rice,36,2099,79
Tomato,24,26,58,Sandy,Winter,Wheat,21,962,85
Cotton,38,58,60,Clay,Winter,Barley,17,1314,78
Potato,150,67,83,Sandy,Summer,Chili,18,518,67
Cotton,87,72,68,Sandy,Summer,Sugarcane,39,2098,74
Chili,88,17,46,Loamy,Monsoon,Cotton,26,1994,71
Cotton,23,67,54,Sandy,Winter,Potato,36,2019,85
Wheat,107,46,86,Clay,Winter,Barley,24,1630,49
Wheat,68,89,71,Clay,Summer,Tomato,24,1308,65
Tomato,150,29,19,Clay,Winter,Maize,31,824,42
Rice,88,23,50,Sandy,Winter,Sugarcane,32,2274,54
Wheat,115,97,87,Loamy,Winter,Maize,15,651,74
Soybean,47,25,55,Clay,Monsoon,Tomato,28,530,87
Soybean,49,86,70,Sandy,Summer,Rice,36,1546,60
Soybean,67,45,14,Loamy,Monsoon,Maize,18,1463,77
Soybean,52,14,26,Loamy,Monsoon,Cotton,15,2149,58
Barley,63,16,14,Loamy,Winter,Maize,35,1049,61
Barley,71,27,41,Loamy,Summer,Tomato,22,1472,67
Chili,104,99,52,Loamy,Winter,Wheat,20,2338,90
Maize,108,39,70,Loamy,Winter,Maize,25,1312,67
Sugarcane,39,74,64,Clay,Monsoon,Cotton,38,828,41
Chili,89,99,10,Clay,Summer,Barley,34,588,44
Barley,148,13,65,Sandy,Monsoon,Tomato,32,993,54
Chili,70,74,98,Loamy,Winter,Chili,19,1789,62
Sugarcane,114,50,64,Clay,Summer,Cotton,32,846,42
Cotton,133,67,26,Loamy,Monsoon,Rice,15,1980,63
Potato,144,59,79,Loamy,Monsoon,Rice,27,2311,74
Tomato,31,39,60,Clay,Monsoon,Cotton,23,2382,69
Wheat,107,56,11,Sandy,Summer,Tomato,21,1566,83
Chili,87,98,54,Clay,Monsoon,Rice,15,582,51
Sugarcane,47,50,33,Loamy,Winter,Potato,26,1129,63
Sugarcane,113,83,95,Sandy,Winter,Chili,17,2053,55
Soybean,116,61,50,Sandy,Monsoon,Cotton,28,631,45
Maize,118,24,14,Clay,Summer,Soybean,21,2396,47
Rice,145,42,35,Sandy,Summer,Rice,31,2236,90
Rice,128,65,24,Clay,Summer,Cotton,20,2072,88
Chili,61,13,62,Clay,Monsoon,Soybean,29,2490,80
Potato,95,29,68,Sandy,Winter,Rice,30,1603,48
Chili,111,100,51,Clay,Winter,Maize,19,2297,44
Barley,55,95,50,Sandy,Winter,Maize,38,639,73
Tomato,59,35,79,Sandy,Winter,Potato,29,807,63
Cotton,96,54,30,Sandy,Monsoon,Rice,30,827,86
Barley,50,10,65,Loamy,Winter,Potato,16,804,71
Tomato,134,30,36,Loamy,Summer,Rice,33,2119,63
Rice,96,49,39,Loamy,Summer,Wheat,29,1940,62
Rice,87,22,98,Sandy,Winter,Soybean,35,1976,65
Potato,89,40,90,Clay,Winter,Soybean,34,836,40
Potato,63,70,41,Sandy,Summer,Rice,27,1507,48
Wheat,150,20,40,Loamy,Winter,Tomato,16,1478,77
Rice,33,91,70,Sandy,Winter,Rice,17,1172,63
Barley,84,33,93,Sandy,Summer,Wheat,39,2099,87
Maize,60,55,73,Clay,Monsoon,Rice,16,767,70
Cotton,105,52,11,Loamy,Winter,Cotton,30,1648,55
Rice,62,35,33,Sandy,Summer,Barley,18,1425,73
Rice,20,81,21,Sandy,Summer,Barley,33,2471,42
Rice,27,13,80,Loamy,Monsoon,Potato,40,572,53
Wheat,101,42,68,Loamy,Summer,Rice,27,1774,73
Sugarcane,127,27,79,Loamy,Monsoon,Tomato,40,2363,58
Maize,74,95,49,Sandy,Summer,Tomato,21,1484,77
Soybean,108,61,42,Sandy,Monsoon,Sugarcane,22,1560,50
Sugarcane,92,14,52,Loamy,Winter,Cotton,16,1741,80
Cotton,122,66,93,Loamy,Winter,Sugarcane,35,1188,64
Chili,57,80,63,Clay,Winter,Cotton,37,843,74
Rice,38,56,44,Sandy,Winter,Maize,16,1877,51
Soybean,94,87,49,Clay,Winter,Sugarcane,37,1815,43
Cotton,110,36,43,Loamy,Summer,Barley,33,1253,87
Maize,97,46,41,Loamy,Winter,Cotton,27,1532,56
Maize,57,75,64,Loamy,Winter,Soybean,31,2458,51
Chili,61,66,78,Sandy,Winter,Soybean,40,1603,42
Maize,121,93,38,Sandy,Winter,Potato,31,1481,49
Cotton,33,60,76,Clay,Winter,Potato,32,1956,56
Sugarcane,123,84,13,Loamy,Summer,Wheat,25,1310,80
Chili,111,77,77,Clay,Summer,Potato,32,1694,62
Cotton,62,55,75,Sandy,Monsoon,Chili,25,700,49
Rice,37,27,73,Loamy,Monsoon,Wheat,39,1385,74
Barley,113,60,11,Loamy,Summer,Tomato,24,1434,42
Maize,74,54,48,Sandy,Winter,Rice,22,1087,74
Rice,106,38,35,Sandy,Summer,Rice,25,2344,58
Barley,149,48,48,Sandy,Winter,Sugarcane,29,930,69
Rice,97,53,80,Loamy,Winter,Chili,24,1902,56
Rice,41,99,90,Sandy,Monsoon,Barley,40,851,45
Sugarcane,27,33,75,Sandy,Summer,Maize,40,2181,45
Tomato,96,62,41,Sandy,Monsoon,Chili,37,1094,48
Rice,68,70,99,Clay,Summer,Tomato,30,1641,52
Barley,133,30,40,Loamy,Monsoon,Maize,23,2117,77
Maize,58,16,98,Loamy,Winter,Cotton,30,1298,87
Chili,132,76,98,Sandy,Monsoon,Tomato,17,1667,46
Chili,141,56,100,Sandy,Summer,Tomato,31,2397,55
Potato,128,89,80,Loamy,Winter,Wheat,32,725,41
Barley,90,39,58,Sandy,Monsoon,Rice,40,2132,47
Wheat,31,44,59,Clay,Monsoon,Potato,34,578,74
Soybean,143,52,13,Sandy,Winter,Tomato,30,2115,72
Soybean,48,68,43,Clay,Winter,Chili,35,894,43
Barley,113,94,35,Sandy,Winter,Wheat,24,1173,85
Tomato,92,77,42,Loamy,Winter,Sugarcane,32,693,64
Chili,50,48,72,Sandy,Summer,Rice,35,2023,85
Chili,63,61,48,Sandy,Winter,Sugarcane,38,1805,72
Soybean,137,57,35,Clay,Monsoon,Tomato,35,774,77
Chili,57,28,45,Clay,Summer,Cotton,23,1370,88
Sugarcane,112,100,40,Loamy,Monsoon,Sugarcane,37,1837,86
Soybean,43,100,32,Loamy,Summer,Barley,22,703,58
Chili,59,96,38,Loamy,Monsoon,Maize,32,1396,48
Chili,142,41,26,Loamy,Winter,Maize,22,1699,54
Maize,149,55,71,Loamy,Monsoon,Sugarcane,26,2331,71
Wheat,51,92,79,Sandy,Summer,Cotton,32,879,87
Cotton,110,16,64,Sandy,Summer,Soybean,35,850,58
Sugarcane,27,33,89,Clay,Summer,Soybean,28,2072,74
Soybean,70,93,57,Loamy,Monsoon,Soybean,25,1710,89
Rice,34,13,89,Loamy,Summer,Potato,36,2136,47
Tomato,36,88,16,Clay,Monsoon,Barley,31,1586,66
Potato,44,82,79,Sandy,Winter,Barley,36,712,73
Potato,85,75,52,Sandy,Summer,Tomato,19,2147,67
Maize,81,65,26,Sandy,Monsoon,Maize,38,2157,88
Barley,61,51,46,Loamy,Winter,Wheat,22,1085,69
Cotton,74,21,21,Loamy,Winter,Potato,35,1450,67
Barley,114,73,93,Sandy,Monsoon,Barley,24,1886,65
Chili,83,86,68,Sandy,Winter,Cotton,19,1437,88
Cotton,124,92,90,Sandy,Winter,Wheat,15,860,51
Sugarcane,107,31,69,Loamy,Monsoon,Wheat,23,1129,41
Cotton,85,28,13,Clay,Summer,Maize,35,1434,63
Soybean,55,72,68,Loamy,Summer,Rice,35,1385,66
Cotton,62,96,45,Clay,Monsoon,Tomato,24,1387,50
Chili,65,84,75,Clay,Winter,Barley,30,1492,82
Chili,75,70,39,Clay,Winter,Wheat,26,1253,75
Rice,96,33,47,Sandy,Summer,Barley,35,1944,78
Rice,72,70,68,Clay,Monsoon,Rice,32,1217,70
Sugarcane,54,33,88,Clay,Winter,Sugarcane,29,2244,55
Wheat,140,46,41,Loamy,Summer,Soybean,16,2293,62
Chili,48,52,57,Sandy,Summer,Rice,18,2212,65
Maize,29,31,89,Sandy,Winter,Chili,26,1970,79
Chili,113,31,28,Loamy,Monsoon,Sugarcane,27,1694,44
Chili,62,78,44,Clay,Monsoon,Rice,24,2163,67
Soybean,52,39,80,Loamy,Summer,Sugarcane,23,1149,63
Chili,64,76,66,Sandy,Winter,Cotton,24,565,87
Tomato,122,76,14,Sandy,Monsoon,Chili,37,727,41
Maize,127,40,86,Sandy,Summer,Chili,31,503,80
Cotton,22,82,66,Sandy,Summer,Barley,22,781,88
Tomato,88,55,92,Loamy,Winter,Sugarcane,35,1580,64
Rice,104,66,65,Sandy,Winter,Maize,32,615,71
Wheat,108,52,57,Clay,Summer,Barley,16,842,51
Wheat,141,91,25,Clay,Monsoon,Tomato,36,1817,69
Potato,20,61,81,Clay,Summer,Soybean,27,1161,85
Chili,32,15,19,Loamy,Monsoon,Barley,21,1353,71
Sugarcane,143,29,91,Sandy,Summer,Potato,36,745,53
Chili,110,98,91,Sandy,Summer,Barley,31,2158,63
Soybean,65,88,31,Clay,Monsoon,Potato,21,2180,51
Chili,125,16,78,Clay,Summer,Soybean,20,1074,72
Wheat,30,19,44,Sandy,Winter,Barley,39,1972,73
Rice,105,96,23,Loamy,Monsoon,Chili,40,1904,60
Tomato,62,91,20,Clay,Winter,Barley,38,2032,41
Chili,94,34,92,Loamy,Winter,Soybean,23,2499,72
Soybean,118,39,43,Loamy,Winter,Barley,37,1455,87
Cotton,53,96,93,Clay,Monsoon,Tomato,27,2229,40
Wheat,77,43,57,Loamy,Monsoon,Rice,27,1161,68
Maize,76,67,96,Loamy,Monsoon,Potato,20,1964,80
Potato,51,79,53,Loamy,Monsoon,Rice,16,1399,63
Sugarcane,86,67,35,Clay,Summer,Maize,25,1839,85
Rice,104,69,95,Clay,Winter,Soybean,21,1398,60
Soybean,132,45,85,Loamy,Winter,Barley,32,1507,77
Wheat,133,36,27,Loamy,Winter,Potato,28,1828,52
Cotton,105,23,53,Sandy,Summer,Chili,28,1385,52
Cotton,136,46,10,Clay,Summer,Potato,40,872,77
Wheat,69,85,92,Clay,Summer,Maize,21,1878,53
Potato,60,95,15,Clay,Monsoon,Potato,20,664,67
Chili,118,76,78,Loamy,Summer,Soybean,35,737,81
Maize,125,71,38,Clay,Monsoon,Barley,27,2051,74
Chili,105,91,11,Clay,Winter,Chili,35,1896,72
Sugarcane,24,35,41,Clay,Winter,Soybean,33,2083,40
Barley,148,95,71,Clay,Monsoon,Potato,29,1377,87
Sugarcane,135,30,48,Loamy,Winter,Barley,32,2110,41
Barley,92,49,43,Clay,Winter,Potato,17,2126,85
Barley,138,30,93,Clay,Monsoon,Tomato,18,2161,81
Soybean,78,16,11,Clay,Monsoon,Wheat,27,593,54
Cotton,80,46,29,Loamy,Winter,Sugarcane,36,1376,90
Rice,124,23,70,Loamy,Monsoon,Soybean,30,512,61
Maize,65,11,40,Sandy,Winter,Barley,21,2000,62
Barley,46,12,78,Sandy,Monsoon,Tomato,36,2096,43
Chili,24,23,69,Clay,Monsoon,Chili,37,2128,45
Maize,113,80,57,Loamy,Monsoon,Tomato,20,2093,75
Sugarcane,137,28,93,Loamy,Winter,Potato,16,1066,87
Potato,150,53,57,Sandy,Monsoon,Wheat,33,629,52
Cotton,113,77,43,Loamy,Winter,Barley,27,2365,87
Soybean,74,33,79,Sandy,Winter,Tomato,15,1460,87
Sugarcane,106,25,17,Sandy,Summer,Barley,18,1603,44
Rice,146,32,55,Sandy,Winter,Potato,36,1118,62
Sugarcane,36,61,79,Clay,Monsoon,Chili,36,530,65
Sugarcane,74,32,19,Loamy,Winter,Tomato,19,1473,55
Chili,66,47,86,Loamy,Monsoon,Wheat,38,1024,62
Sugarcane,141,78,20,Clay,Summer,Potato,28,1636,72
Cotton,54,77,27,Sandy,Winter,Wheat,38,1861,44
Rice,102,44,98,Loamy,Monsoon,Sugarcane,15,1980,69
Maize,139,45,96,Sandy,Winter,Barley,20,1075,45
Tomato,86,52,20,Sandy,Monsoon,Tomato,39,2483,88
Maize,74,23,21,Sandy,Monsoon,Potato,15,937,55
Rice,140,49,15,Sandy,Winter,Barley,18,2172,76
Chili,90,60,73,Clay,Summer,Tomato,26,657,54
Sugarcane,37,22,82,Clay,Winter,Sugarcane,39,1718,51
Rice,76,40,34,Sandy,Winter,Rice,21,2281,68
Cotton,147,90,77,Loamy,Winter,Tomato,18,1782,86
Sugarcane,110,99,31,Loamy,Winter,Wheat,30,721,63
Soybean,96,22,69,Clay,Winter,Barley,26,2431,60
Barley,63,57,25,Clay,Summer,Chili,15,1055,90
Tomato,45,82,11,Loamy,Winter,Rice,40,1739,41
Soybean,81,73,33,Sandy,Winter,Maize,31,2026,54
Chili,89,61,90,Clay,Winter,Rice,35,1129,44
Cotton,93,73,96,Loamy,Monsoon,Potato,15,1806,84
Barley,54,59,22,Sandy,Summer,Tomato,16,1800,67
Soybean,34,55,85,Clay,Winter,Wheat,30,2342,87
Potato,37,63,85,Loamy,Summer,Wheat,30,1046,62
Cotton,133,83,40,Loamy,Monsoon,Potato,28,886,75
Barley,91,52,97,Sandy,Summer,Rice,31,2183,83
Cotton,125,43,42,Sandy,Winter,Sugarcane,16,2009,54
Chili,44,86,34,Loamy,Summer,Tomato,16,2427,72
Cotton,78,50,92,Loamy,Winter,Potato,40,1352,58
Cotton,111,90,82,Clay,Monsoon,Wheat,16,1209,48
Tomato,102,73,66,Clay,Summer,Tomato,40,693,72
Potato,106,34,63,Clay,Summer,Maize,38,1983,57
Soybean,51,38,84,Clay,Summer,Barley,25,2036,82
Chili,34,48,92,Sandy,Summer,Wheat,38,1880,68
Soybean,88,91,97,Sandy,Monsoon,Rice,27,1264,48
Potato,124,11,78,Sandy,Winter,Barley,16,679,73
Sugarcane,72,66,72,Sandy,Winter,Maize,29,1122,89
Rice,42,92,24,Loamy,Winter,Rice,38,2331,54
Barley,73,59,27,Clay,Winter,Chili,18,2133,86
Barley,83,12,64,Loamy,Winter,Sugarcane,23,1957,85
Potato,149,81,28,Sandy,Winter,Wheat,18,1381,72
Cotton,44,14,17,Sandy,Summer,Tomato,31,1268,68
Rice,42,64,73,Clay,Monsoon,Wheat,40,536,63
Sugarcane,125,67,85,Sandy,Summer,Tomato,37,1905,75
Cotton,111,53,95,Sandy,Winter,Maize,22,2404,56
Rice,38,100,55,Clay,Monsoon,Chili,34,939,90
Sugarcane,58,96,86,Loamy,Monsoon,Barley,30,2152,71
Potato,57,13,47,Sandy,Monsoon,Maize,26,1444,40
Barley,89,98,17,Loamy,Winter,Cotton,17,1645,60
Sugarcane,144,39,72,Clay,Monsoon,Potato,17,696,54
Potato,102,90,57,Loamy,Winter,Tomato,38,2471,90
Maize,64,86,47,Sandy,Winter,Sugarcane,34,1289,82
Barley,73,11,89,Sandy,Winter,Potato,15,1841,79
Soybean,129,45,37,Sandy,Summer,Sugarcane,36,1836,83
Sugarcane,115,18,10,Clay,Winter,Chili,18,1785,55
Cotton,61,41,17,Clay,Winter,Rice,30,1963,70
Chili,126,34,75,Sandy,Winter,Sugarcane,21,1090,73
Barley,117,84,71,Loamy,Winter,Soybean,24,1210,63
Tomato,82,78,94,Clay,Winter,Cotton,32,1386,74
Chili,28,25,14,Loamy,Summer,Soybean,19,886,72
Chili,122,83,92,Loamy,Winter,Maize,32,1660,55
Rice,53,66,88,Sandy,Monsoon,Chili,30,2259,54
Maize,126,47,26,Sandy,Summer,Chili,29,1151,88
Rice,134,18,15,Sandy,Winter,Soybean,34,640,43
Barley,96,77,86,Loamy,Winter,Maize,30,2204,57
Potato,93,11,55,Sandy,Summer,Rice,40,1129,90
Maize,139,19,49,Loamy,Winter,Tomato,26,1680,54
Soybean,109,65,99,Sandy,Winter,Barley,23,1368,40
Potato,116,89,78,Sandy,Monsoon,Soybean,25,1897,45
Soybean,125,11,39,Loamy,Monsoon,Maize,37,1219,55
Cotton,128,98,27,Loamy,Winter,Soybean,27,1405,83
Tomato,38,86,93,Clay,Monsoon,Tomato,32,765,62
Cotton,64,97,24,Sandy,Summer,Sugarcane,38,1400,86
Soybean,74,49,69,Clay,Winter,Cotton,36,1444,61
Rice,75,73,69,Clay,Summer,Rice,27,2363,51
Barley,135,37,19,Loamy,Monsoon,Cotton,32,1266,42
Rice,68,90,22,Sandy,Monsoon,Barley,18,2344,77
Sugarcane,72,99,95,Clay,Winter,Rice,22,1685,41
Chili,120,18,45,Loamy,Summer,Wheat,28,2005,45
Sugarcane,20,36,58,Sandy,Monsoon,Rice,15,1486,61
Sugarcane,102,39,42,Loamy,Monsoon,Potato,22,1178,73
Cotton,89,92,20,Sandy,Winter,Chili,15,926,51
Cotton,38,33,63,Loamy,Summer,Tomato,25,1348,79
Sugarcane,74,39,56,Clay,Summer,Cotton,31,882,46
Chili,106,57,82,Loamy,Winter,Sugarcane,34,569,84
Potato,97,38,26,Clay,Winter,Cotton,20,2227,40
Barley,107,39,99,Clay,Winter,Soybean,34,882,56
Cotton,76,77,93,Loamy,Winter,Maize,25,1725,79
Soybean,109,97,19,Loamy,Monsoon,Sugarcane,28,1118,40
Chili,83,26,87,Sandy,Summer,Wheat,38,2115,69
Sugarcane,57,67,66,Clay,Monsoon,Rice,32,1397,87
Tomato,48,41,65,Sandy,Winter,Tomato,22,2256,89
Soybean,125,12,38,Sandy,Monsoon,Barley,33,1079,71
Chili,105,11,40,Clay,Monsoon,Wheat,35,1796,68
Potato,55,84,66,Clay,Winter,Soybean,16,1051,85
Cotton,72,90,88,Clay,Monsoon,Maize,15,2186,90
Sugarcane,29,73,17,Clay,Winter,Chili,34,1946,79
Barley,103,59,10,Loamy,Summer,Wheat,26,2361,60
Barley,98,28,42,Loamy,Monsoon,Sugarcane,19,2197,56
Soybean,109,52,91,Sandy,Summer,Cotton,40,1609,58
Maize,73,63,86,Loamy,Monsoon,Cotton,16,970,45
Sugarcane,66,96,24,Loamy,Summer,Wheat,17,952,89
Sugarcane,61,47,68,Clay,Summer,Sugarcane,22,1406,77
Cotton,138,90,33,Loamy,Summer,Maize,38,550,86
Potato,66,85,43,Sandy,Winter,Wheat,27,1485,53
Sugarcane,98,80,99,Clay,Summer,Sugarcane,26,1218,73
Soybean,74,81,15,Clay,Winter,Sugarcane,30,846,57
Rice,119,11,23,Sandy,Summer,Wheat,29,2310,41
Wheat,115,82,87,Loamy,Winter,Tomato,27,1474,51
Potato,62,14,87,Sandy,Summer,Soybean,40,1848,82
Soybean,21,44,30,Clay,Summer,Cotton,30,2079,41
Soybean,83,71,75,Clay,Winter,Wheat,17,1281,87
Rice,85,25,50,Sandy,Summer,Chili,25,1344,61
Sugarcane,50,17,65,Clay,Summer,Soybean,21,1333,71
Potato,22,68,22,Loamy,Summer,Chili,36,2133,69
Maize,42,85,89,Clay,Summer,Barley,21,1307,44
Potato,87,48,57,Clay,Monsoon,Soybean,29,2288,73
Barley,115,89,62,Clay,Winter,Tomato,27,1704,77
Potato,137,93,87,Sandy,Monsoon,Sugarcane,20,2291,81
Cotton,127,98,57,Loamy,Winter,Wheat,17,1630,40
Soybean,20,34,83,Clay,Monsoon,Cotton,16,2141,80
Maize,150,92,70,Sandy,Monsoon,Potato,15,1880,54
Wheat,107,15,97,Sandy,Summer,Chili,30,2405,42
Rice,28,80,31,Loamy,Summer,Tomato,30,2475,72
Maize,110,56,90,Sandy,Winter,Potato,31,1606,58
Wheat,63,28,91,Loamy,Winter,Rice,29,2129,52
Cotton,57,88,49,Sandy,Monsoon,Tomato,29,1591,62
Cotton,41,68,39,Loamy,Monsoon,Soybean,19,2435,82
Wheat,91,76,85,Sandy,Summer,Tomato,21,1736,69
Tomato,23,26,51,Loamy,Winter,Tomato,34,1652,53
Sugarcane,106,59,49,Sandy,Winter,Rice,30,2101,89
Wheat,104,41,65,Clay,Summer,Sugarcane,36,909,64
Rice,41,56,36,Loamy,Monsoon,Tomato,18,576,53
Cotton,149,35,25,Sandy,Winter,Soybean,31,536,67
Chili,83,42,11,Clay,Monsoon,Soybean,32,932,52
Wheat,85,68,68,Sandy,Monsoon,Chili,20,2373,88
Barley,36,34,53,Clay,Monsoon,Chili,20,1800,85
Potato,87,61,10,Loamy,Monsoon,Cotton,19,2039,43
Chili,21,58,28,Sandy,Monsoon,Cotton,35,1851,60
Barley,91,30,35,Clay,Winter,Wheat,24,1988,63
Soybean,100,13,56,Loamy,Winter,Soybean,17,1714,41
Potato,58,87,39,Loamy,Summer,Maize,21,1249,74
Barley,126,37,83,Clay,Winter,Wheat,30,2433,40
Maize,71,59,41,Sandy,Summer,Cotton,29,1838,54
Rice,58,12,33,Sandy,Monsoon,Chili,35,1921,73
Maize,79,96,71,Clay,Winter,Barley,32,1001,78
Cotton,131,17,43,Clay,Monsoon,Wheat,18,1732,68
Maize,102,79,45,Clay,Winter,Rice,24,574,88
Chili,59,78,56,Clay,Winter,Maize,31,765,88
Rice,145,57,51,Sandy,Monsoon,Potato,29,1560,45
Maize,26,18,67,Loamy,Winter,Chili,36,736,72
Cotton,139,71,43,Sandy,Winter,Cotton,33,2087,44
Sugarcane,98,23,40,Clay,Summer,Tomato,22,1480,82
Wheat,98,40,66,Loamy,Monsoon,Soybean,28,2126,75
Cotton,42,66,90,Loamy,Monsoon,Cotton,16,2067,54
Rice,25,49,37,Clay,Summer,Sugarcane,24,2040,64
Barley,42,50,39,Sandy,Winter,Tomato,35,1613,81
Sugarcane,125,83,49,Loamy,Summer,Soybean,24,1015,80
Wheat,131,24,18,Clay,Summer,Chili,38,2201,48
Chili,125,65,97,Sandy,Monsoon,Chili,23,981,53
Sugarcane,32,67,51,Clay,Winter,Barley,30,1619,76
Barley,59,42,77,Loamy,Monsoon,Maize,17,1368,74
Cotton,80,57,27,Sandy,Monsoon,Maize,19,2035,72
Cotton,80,89,95,Loamy,Summer,Wheat,34,2207,83
Chili,24,73,56,Clay,Monsoon,Tomato,28,2488,66
Potato,43,34,81,Clay,Winter,Rice,32,1371,85
Cotton,39,23,43,Sandy,Winter,Cotton,37,1124,62
Barley,150,91,77,Sandy,Monsoon,Maize,38,915,71
Chili,42,27,48,Sandy,Monsoon,Potato,17,2107,80
Rice,103,96,15,Sandy,Winter,Rice,27,1301,63
Soybean,29,29,57,Clay,Winter,Chili,15,2202,82
Soybean,97,55,82,Clay,Monsoon,Potato,23,1205,41
Potato,59,21,99,Sandy,Summer,Rice,21,962,55
Maize,44,59,93,Sandy,Monsoon,Maize,23,1859,62
Potato,137,85,47,Clay,Monsoon,Maize,15,2239,42
Soybean,41,65,12,Clay,Summer,Maize,19,802,61
Wheat,45,28,84,Loamy,Summer,Sugarcane,32,1203,83
Potato,123,53,85,Sandy,Monsoon,Tomato,21,521,48
Rice,142,85,91,Clay,Summer,Potato,38,669,50
Barley,60,49,97,Loamy,Summer,Barley,37,924,47
Wheat,31,45,34,Loamy,Summer,Tomato,18,1912,50
Tomato,64,80,72,Sandy,Summer,Barley,19,633,57
Soybean,145,97,43,Loamy,Monsoon,Maize,25,2377,83
Chili,105,22,94,Clay,Summer,Wheat,18,2308,65
Chili,24,87,34,Sandy,Winter,Maize,34,1544,80
Maize,81,21,68,Sandy,Winter,Wheat,32,851,68
Wheat,143,72,96,Clay,Summer,Chili,31,2175,56
Potato,150,91,100,Sandy,Winter,Tomato,23,991,89
Maize,50,16,66,Loamy,Winter,Rice,18,885,71
Barley,90,58,43,Sandy,Monsoon,Chili,33,1808,88
Sugarcane,105,28,72,Sandy,Summer,Chili,15,1388,55
Potato,73,96,61,Loamy,Summer,Potato,40,1333,73
Potato,41,66,14,Loamy,Monsoon,Wheat,37,1641,46
Soybean,133,34,41,Sandy,Winter,Tomato,40,1532,80
Barley,38,68,16,Loamy,Monsoon,Sugarcane,38,2165,66
Wheat,150,24,10,Clay,Winter,Sugarcane,25,1294,70
Potato,91,64,61,Loamy,Monsoon,Cotton,15,2458,78
Tomato,85,57,76,Clay,Winter,Cotton,25,1208,67
Wheat,92,69,15,Sandy,Monsoon,Maize,22,1080,69
Tomato,63,13,34,Sandy,Winter,Cotton,36,1519,74
Tomato,117,52,89,Clay,Summer,Sugarcane,28,1174,89
Rice,97,19,50,Loamy,Summer,Cotton,21,2171,87
Rice,68,71,67,Clay,Summer,Rice,22,1226,54
Sugarcane,53,59,41,Clay,Winter,Potato,25,1162,47
Sugarcane,34,42,62,Loamy,Monsoon,Soybean,36,1574,62
Tomato,35,82,26,Clay,Monsoon,Potato,32,1023,68
Barley,105,41,44,Clay,Winter,Wheat,23,2251,76
Tomato,65,76,83,Loamy,Summer,Soybean,15,2396,53
Soybean,33,70,66,Loamy,Monsoon,Soybean,27,755,62
Maize,117,25,79,Loamy,Monsoon,Potato,38,1962,46
Chili,96,98,35,Loamy,Winter,Barley,31,820,42
Chili,135,22,81,Clay,Monsoon,Potato,37,798,60
Barley,107,26,64,Loamy,Summer,Tomato,17,1745,78
Chili,130,34,43,Loamy,Winter,Potato,40,833,50
Tomato,121,19,13,Clay,Winter,Barley,16,707,88
Potato,67,71,42,Loamy,Winter,Wheat,15,1486,83
Cotton,126,30,31,Sandy,Winter,Tomato,25,1724,55
Potato,88,96,24,Loamy,Winter,Barley,25,1439,51
Maize,82,97,40,Clay,Summer,Wheat,26,2372,40
Tomato,67,15,68,Clay,Summer,Cotton,21,2009,58
Barley,80,89,21,Sandy,Winter,Rice,33,2484,42
Potato,31,64,51,Sandy,Monsoon,Potato,22,608,85
Tomato,66,73,23,Loamy,Monsoon,Tomato,16,1745,70
Cotton,75,21,62,Clay,Monsoon,Barley,40,571,68
Maize,41,45,40,Clay,Monsoon,Chili,40,615,74
Chili,90,29,33,Sandy,Winter,Sugarcane,36,2185,41
Chili,141,14,31,Loamy,Winter,Maize,39,2301,88
Maize,126,95,53,Clay,Summer,Potato,34,2159,68
Potato,31,99,49,Clay,Winter,Tomato,24,1516,81
Wheat,40,23,75,Loamy,Monsoon,Chili,28,1412,90
Rice,59,43,71,Sandy,Monsoon,Maize,25,1658,84
Barley,134,62,42,Clay,Monsoon,Maize,21,797,75
Maize,66,48,51,Sandy,Winter,Tomato,17,668,63
Soybean,50,54,77,Clay,Monsoon,Sugarcane,34,1145,56
Tomato,39,14,81,Loamy,Summer,Wheat,18,847,52
Chili,68,63,10,Clay,Summer,Sugarcane,27,1409,51
Tomato,141,10,84,Loamy,Summer,Potato,33,2227,60
Potato,41,84,17,Sandy,Winter,Soybean,29,1668,88
Potato,56,67,59,Clay,Monsoon,Chili,27,1704,73
Barley,47,60,50,Sandy,Summer,Chili,40,1543,85
Tomato,68,21,73,Loamy,Winter,Chili,20,2111,90
Chili,47,87,68,Clay,Winter,Maize,18,738,82
Cotton,147,40,100,Loamy,Summer,Cotton,32,1573,64
Soybean,141,38,97,Sandy,Winter,Rice,38,894,84
Potato,139,40,70,Loamy,Monsoon,Maize,36,1735,64
Wheat,25,79,57,Loamy,Summer,Potato,32,508,79
Sugarcane,121,28,49,Clay,Winter,Tomato,24,746,75
Tomato,125,65,31,Clay,Winter,Maize,27,2039,87
Rice,123,54,75,Loamy,Monsoon,Potato,17,751,42
Cotton,140,93,49,Clay,Monsoon,Potato,36,1075,50
Barley,117,55,49,Loamy,Summer,Barley,24,558,52
Chili,51,19,49,Loamy,Winter,Chili,38,2261,88
Potato,116,68,70,Sandy,Winter,Cotton,27,1647,59
Tomato,81,58,89,Loamy,Winter,Rice,36,614,52
Chili,148,34,67,Clay,Summer,Chili,30,1136,77
Maize,85,24,26,Sandy,Summer,Maize,20,726,83
Barley,26,78,45,Clay,Monsoon,Soybean,15,2431,59
Soybean,101,64,46,Loamy,Winter,Soybean,15,791,53
Chili,50,14,48,Sandy,Winter,Wheat,34,2185,64
Sugarcane,129,74,89,Clay,Summer,Barley,28,1293,88
Cotton,26,34,91,Loamy,Winter,Potato,27,2460,70
Wheat,121,14,51,Clay,Summer,Cotton,40,2447,76
Maize,93,38,10,Sandy,Winter,Sugarcane,19,747,43
Sugarcane,66,62,36,Loamy,Winter,Maize,17,1507,69
Cotton,98,44,74,Loamy,Winter,Tomato,18,604,45
Maize,45,17,99,Loamy,Winter,Soybean,19,2255,50
Maize,43,24,74,Clay,Winter,Sugarcane,39,1194,60
Tomato,69,19,69,Sandy,Summer,Barley,34,896,87
Wheat,48,48,24,Clay,Monsoon,Tomato,15,2051,50
Barley,103,10,90,Sandy,Monsoon,Tomato,15,2090,89
Cotton,23,24,71,Loamy,Summer,Wheat,35,1645,44
Maize,91,24,13,Clay,Monsoon,Barley,32,889,76
Potato,146,77,50,Clay,Summer,Tomato,34,2293,43
Soybean,105,34,94,Sandy,Monsoon,Potato,37,1146,61
Cotton,137,25,48,Sandy,Winter,Maize,25,1356,44
Chili,85,61,33,Clay,Monsoon,Rice,32,1926,56
Soybean,66,62,82,Clay,Winter,Chili,35,1840,71
Maize,100,59,14,Sandy,Summer,Sugarcane,26,2131,74
Cotton,58,58,24,Clay,Summer,Sugarcane,20,1537,41
Maize,98,10,54,Loamy,Winter,Maize,18,2217,90
Rice,47,42,86,Loamy,Monsoon,Maize,25,1704,69
Cotton,26,76,30,Clay,Monsoon,Tomato,34,1719,52
Maize,46,31,44,Loamy,Monsoon,Wheat,38,2146,66
Potato,42,38,42,Clay,Monsoon,Soybean,29,1792,47
Soybean,128,49,29,Clay,Monsoon,Sugarcane,30,2499,49
Wheat,64,78,51,Clay,Monsoon,Barley,37,1614,90
Chili,58,11,14,Loamy,Winter,Sugarcane,37,1513,41
Tomato,122,12,31,Sandy,Summer,Barley,33,2419,53
Maize,146,52,96,Loamy,Winter,Tomato,17,1091,90
Maize,101,29,11,Sandy,Monsoon,Wheat,39,2462,61
Maize,113,96,39,Loamy,Summer,Rice,21,2178,87
Rice,98,76,60,Loamy,Winter,Cotton,24,1656,66
Barley,92,58,70,Sandy,Winter,Tomato,18,924,70
Sugarcane,30,56,63,Sandy,Monsoon,Chili,24,1159,67
Chili,88,49,93,Sandy,Winter,Maize,30,743,56
Cotton,73,27,47,Loamy,Monsoon,Chili,36,2368,61
Soybean,135,18,88,Clay,Summer,Maize,38,649,90
Wheat,58,26,44,Clay,Winter,Maize,40,1084,75
Rice,131,89,50,Sandy,Monsoon,Soybean,26,2478,59
Chili,83,10,54,Loamy,Monsoon,Maize,17,1659,62
Potato,137,67,55,Clay,Summer,Potato,19,1178,83
Maize,119,61,95,Clay,Summer,Cotton,29,2004,65
Wheat,88,62,39,Sandy,Winter,Soybean,32,1340,40
Wheat,31,17,28,Clay,Monsoon,Chili,36,549,45
Rice,106,84,65,Loamy,Monsoon,Sugarcane,39,2382,90
Rice,118,77,16,Sandy,Summer,Wheat,25,1357,80
Sugarcane,32,55,12,Clay,Winter,Barley,37,2456,52
Wheat,69,53,30,Sandy,Monsoon,Chili,18,636,69
Soybean,27,64,73,Sandy,Winter,Sugarcane,36,1679,54
Cotton,127,87,61,Clay,Monsoon,Tomato,38,2217,90
Barley,57,49,12,Clay,Summer,Sugarcane,20,1335,73
Sugarcane,87,89,100,Loamy,Monsoon,Barley,18,1962,80
Tomato,130,12,90,Clay,Monsoon,Chili,28,1457,42
Cotton,106,86,67,Clay,Summer,Barley,31,611,82
Rice,95,90,34,Sandy,Monsoon,Cotton,21,1638,77
Tomato,33,97,75,Sandy,Monsoon,Tomato,30,900,41
Wheat,106,11,29,Sandy,Summer,Tomato,19,964,53
Rice,139,90,19,Sandy,Summer,Cotton,19,618,65
Soybean,143,94,81,Clay,Winter,Chili,40,2180,62
Wheat,139,35,93,Loamy,Winter,Barley,38,1181,83
Maize,121,72,42,Loamy,Summer,Rice,18,1316,71
Sugarcane,100,32,84,Sandy,Summer,Wheat,24,1209,72
Tomato,138,97,44,Clay,Summer,Soybean,28,1085,68
Wheat,56,37,54,Sandy,Summer,Chili,21,630,90
Sugarcane,125,46,77,Clay,Winter,Tomato,27,1103,65
Maize,113,40,64,Sandy,Monsoon,Maize,19,1638,87
Maize,129,92,82,Sandy,Winter,Sugarcane,18,1732,50
Soybean,129,83,57,Clay,Monsoon,Tomato,21,1521,56
Maize,124,32,22,Sandy,Monsoon,Chili,34,2252,43
Barley,132,20,56,Sandy,Winter,Potato,33,994,64
Soybean,63,34,61,Sandy,Summer,Potato,24,2367,54
Chili,145,84,69,Clay,Winter,Rice,38,1738,44
Soybean,101,76,49,Loamy,Winter,Chili,28,1410,49
Rice,115,43,23,Clay,Monsoon,Potato,37,1816,78
Maize,63,32,30,Loamy,Summer,Potato,31,1073,88
Wheat,56,36,43,Sandy,Monsoon,Cotton,35,575,69
Wheat,70,14,57,Sandy,Monsoon,Cotton,21,2362,75
Chili,97,57,15,Loamy,Summer,Chili,22,1665,52
Potato,25,56,44,Loamy,Monsoon,Chili,21,1215,60
Tomato,105,89,63,Clay,Monsoon,Tomato,34,693,72
Wheat,81,54,54,Loamy,Winter,Sugarcane,29,1929,43
Potato,75,11,10,Loamy,Winter,Cotton,31,1443,65
Maize,141,71,44,Loamy,Winter,Wheat,36,1760,62
Sugarcane,53,98,71,Sandy,Monsoon,Tomato,36,1535,61
Potato,150,14,88,Sandy,Monsoon,Wheat,31,2324,62
Soybean,99,24,99,Loamy,Monsoon,Soybean,25,1752,69
Chili,99,96,40,Sandy,Monsoon,Rice,16,783,43
Potato,101,17,46,Clay,Monsoon,Sugarcane,34,1286,75
Tomato,51,87,67,Clay,Summer,Chili,26,1469,53
Tomato,109,82,39,Clay,Summer,Rice,36,1623,88
Rice,116,11,43,Sandy,Summer,Chili,16,2439,78
Wheat,79,47,14,Loamy,Winter,Maize,33,2189,80
Sugarcane,64,15,46,Loamy,Summer,Wheat,40,1514,78
Cotton,50,91,81,Loamy,Monsoon,Chili,31,1020,62
Soybean,136,86,16,Loamy,Winter,Potato,34,2049,61
Barley,80,100,51,Clay,Monsoon,Tomato,25,1424,66
Wheat,130,27,43,Clay,Monsoon,Barley,32,1436,67
Soybean,25,78,58,Sandy,Summer,Rice,39,1719,50
Potato,138,10,42,Clay,Winter,Chili,27,508,57
Soybean,125,36,71,Loamy,Summer,Cotton,28,1385,58
Barley,115,100,69,Sandy,Winter,Maize,32,1031,44
Chili,131,95,94,Loamy,Monsoon,Potato,23,597,53
Wheat,94,85,23,Sandy,Winter,Barley,25,1228,43
Soybean,143,90,57,Sandy,Summer,Sugarcane,17,772,62
Rice,65,75,93,Loamy,Summer,Wheat,33,1743,57
Sugarcane,29,94,90,Loamy,Winter,Barley,17,2153,47
Maize,146,15,82,Loamy,Monsoon,Wheat,18,595,54
Cotton,23,45,89,Loamy,Monsoon,Wheat,25,1991,58
Maize,135,57,59,Sandy,Monsoon,Sugarcane,16,1045,41
Tomato,21,28,33,Clay,Monsoon,Wheat,20,543,64
Sugarcane,78,91,18,Clay,Summer,Barley,40,2220,72
Sugarcane,98,91,96,Clay,Winter,Sugarcane,33,1634,76
Tomato,32,11,70,Loamy,Winter,Wheat,15,1696,61
Sugarcane,128,24,67,Loamy,Summer,Maize,16,883,90
Soybean,147,28,98,Loamy,Summer,Rice,17,1188,55
Sugarcane,117,99,73,Loamy,Monsoon,Soybean,23,1302,82
Maize,61,59,72,Clay,Summer,Maize,24,2378,85
Maize,106,97,66,Clay,Winter,Sugarcane,16,1432,84
Barley,131,81,96,Clay,Summer,Cotton,32,2229,73
Tomato,120,84,21,Clay,Summer,Tomato,20,1860,66
Barley,83,14,49,Sandy,Summer,Chili,15,1849,47
Soybean,95,40,94,Loamy,Monsoon,Rice,20,2157,60
Barley,80,57,41,Clay,Winter,Chili,29,1431,45
Cotton,62,39,28,Clay,Winter,Cotton,29,2232,59
Barley,47,41,70,Sandy,Monsoon,Rice,16,1637,64
Sugarcane,138,40,82,Sandy,Monsoon,Tomato,38,1820,68
Barley,56,12,58,Clay,Winter,Barley,21,1558,83
Wheat,135,94,68,Loamy,Winter,Cotton,33,517,69
Sugarcane,85,71,62,Sandy,Winter,Sugarcane,35,1032,58
Soybean,91,87,44,Loamy,Summer,Soybean,17,1978,64
Maize,39,96,48,Loamy,Summer,Rice,15,794,52
Chili,47,32,86,Sandy,Winter,Tomato,25,938,50
Maize,61,28,57,Sandy,Winter,Potato,17,1011,85
Soybean,21,98,43,Clay,Monsoon,Rice,18,539,48
Sugarcane,122,89,34,Clay,Summer,Sugarcane,30,2358,59
Rice,25,80,48,Loamy,Winter,Soybean,34,1706,66
Sugarcane,87,47,17,Loamy,Monsoon,Tomato,23,999,67
Tomato,103,35,82,Clay,Monsoon,Chili,22,1201,56
Potato,140,34,28,Clay,Monsoon,Chili,36,1137,62
Maize,100,86,70,Sandy,Summer,Maize,27,2251,57
Rice,42,72,34,Loamy,Summer,Barley,40,694,89
Tomato,113,21,32,Sandy,Summer,Chili,19,542,89
Soybean,102,23,75,Sandy,Summer,Chili,18,584,75
Sugarcane,50,53,32,Sandy,Winter,Potato,20,1707,76
Cotton,72,58,88,Sandy,Winter,Chili,19,1817,51
Sugarcane,47,47,32,Clay,Monsoon,Rice,22,1238,48
Sugarcane,35,84,80,Sandy,Monsoon,Chili,34,1942,69
Sugarcane,104,70,24,Loamy,Winter,Wheat,35,1647,52
Rice,106,32,59,Loamy,Winter,Soybean,24,1264,46
Soybean,36,61,54,Sandy,Summer,Wheat,25,1208,68
Rice,108,66,72,Loamy,Monsoon,Sugarcane,21,1325,47
Wheat,41,32,96,Loamy,Winter,Wheat,23,1344,52
Soybean,47,30,37,Clay,Winter,Sugarcane,33,764,81
Soybean,109,81,31,Sandy,Summer,Tomato,19,889,42
Chili,58,97,96,Loamy,Monsoon,Wheat,34,1321,53
Rice,46,98,48,Loamy,Summer,Maize,25,1143,49
Barley,115,77,93,Clay,Summer,Wheat,30,1605,45
Potato,87,15,36,Loamy,Summer,Chili,22,1997,68
Maize,90,64,66,Loamy,Summer,Maize,26,1483,88
Wheat,59,75,62,Sandy,Summer,Barley,17,1977,45
Chili,28,76,88,Sandy,Winter,Sugarcane,26,2071,44
Rice,79,37,30,Loamy,Winter,Barley,28,2364,55
Soybean,102,48,73,Clay,Winter,Tomato,30,1941,51
Tomato,30,33,57,Clay,Winter,Cotton,26,2297,40
Chili,50,85,62,Clay,Monsoon,Potato,21,1253,56
Wheat,111,18,48,Loamy,Winter,Cotton,23,839,76
Maize,83,34,37,Sandy,Monsoon,Cotton,31,653,59
Barley,119,60,69,Loamy,Monsoon,Chili,37,2226,84
Chili,122,81,37,Loamy,Monsoon,Potato,29,1197,88
Potato,108,82,96,Loamy,Summer,Chili,15,1056,68
Barley,139,57,62,Sandy,Summer,Rice,20,1433,70
Cotton,46,19,15,Sandy,Winter,Rice,31,503,56
Potato,37,15,96,Clay,Winter,Chili,35,918,74
Rice,27,71,100,Sandy,Winter,Maize,21,2118,55
Rice,76,88,41,Clay,Summer,Rice,19,1234,51
Sugarcane,33,85,23,Clay,Winter,Cotton,21,1790,61
Potato,40,26,95,Sandy,Winter,Maize,36,1394,72
Cotton,130,10,70,Clay,Monsoon,Potato,22,2093,45
Sugarcane,125,88,26,Clay,Winter,Wheat,16,1249,47
Soybean,140,93,96,Sandy,Winter,Soybean,23,1191,87
Chili,64,16,62,Sandy,Winter,Maize,27,1942,88
Barley,27,18,81,Loamy,Monsoon,Wheat,22,1981,83
Chili,102,50,40,Loamy,Monsoon,Barley,39,879,45
Chili,150,20,74,Loamy,Summer,Soybean,35,1837,85
Wheat,27,40,95,Sandy,Monsoon,Sugarcane,36,2466,85
Barley,142,52,32,Clay,Winter,Maize,29,1910,51
Soybean,28,27,37,Loamy,Summer,Wheat,40,988,64
Rice,126,57,74,Clay,Winter,Tomato,36,2450,80
Rice,54,45,64,Loamy,Monsoon,Rice,22,1240,79
Wheat,93,90,67,Loamy,Winter,Chili,29,1975,82
Rice,149,16,57,Clay,Monsoon,Potato,19,1961,65
Potato,146,54,12,Clay,Winter,Tomato,26,898,67
Soybean,132,50,90,Sandy,Monsoon,Maize,36,694,87
Maize,122,80,70,Sandy,Summer,Maize,29,1315,40
Sugarcane,137,79,27,Clay,Monsoon,Wheat,30,594,63
Rice,40,24,10,Loamy,Winter,Chili,33,580,51
Potato,49,33,59,Sandy,Monsoon,Maize,15,669,82
Potato,47,39,72,Sandy,Winter,Wheat,33,597,75
Potato,99,30,31,Clay,Monsoon,Tomato,32,1872,86
Potato,55,38,12,Sandy,Monsoon,Maize,26,1927,83
Rice,89,31,42,Sandy,Winter,Soybean,32,2291,88
Soybean,130,42,97,Clay,Monsoon,Wheat,20,2337,90
Rice,106,65,72,Loamy,Winter,Wheat,19,883,46
Cotton,146,77,44,Sandy,Winter,Chili,29,1673,84
Rice,105,34,86,Loamy,Winter,Soybean,15,2134,69
Cotton,90,19,75,Clay,Monsoon,Wheat,19,1987,61
Barley,57,20,96,Clay,Summer,Rice,34,1442,62
Maize,135,60,47,Clay,Summer,Rice,26,1952,45
Barley,77,45,24,Sandy,Winter,Chili,36,1397,59
Rice,52,80,35,Sandy,Winter,Rice,16,668,51
Chili,39,74,38,Sandy,Winter,Chili,26,2406,49
Potato,122,15,29,Sandy,Winter,Chili,26,939,77
Cotton,117,28,33,Clay,Summer,Sugarcane,23,1927,81
Tomato,74,49,37,Clay,Winter,Maize,35,610,64
Chili,82,35,62,Loamy,Monsoon,Wheat,26,2032,56
Sugarcane,96,75,63,Loamy,Summer,Wheat,24,2475,48
Chili,72,94,27,Clay,Summer,Wheat,16,2073,88
Barley,72,23,97,Sandy,Monsoon,Rice,16,1860,63
Tomato,104,99,42,Loamy,Winter,Barley,22,2497,51
Potato,30,98,81,Clay,Monsoon,Rice,31,2491,82
Cotton,141,40,99,Sandy,Winter,Barley,30,1593,64
Cotton,120,65,30,Clay,Winter,Cotton,40,2299,55
Wheat,20,35,74,Sandy,Summer,Wheat,23,2428,67
Rice,117,97,21,Sandy,Monsoon,Wheat,35,2304,73
Chili,24,74,34,Clay,Monsoon,Wheat,23,1587,54
Barley,86,72,88,Sandy,Monsoon,Cotton,31,802,57
Potato,98,86,82,Loamy,Monsoon,Barley,40,1514,81
Potato,55,32,98,Loamy,Monsoon,Potato,39,978,88
Barley,77,40,23,Sandy,Winter,Sugarcane,22,666,65
Barley,86,25,57,Clay,Monsoon,Soybean,22,2322,77
Sugarcane,76,40,45,Sandy,Winter,Chili,32,1891,58
Chili,137,60,57,Sandy,Summer,Barley,29,2454,81
Potato,62,76,49,Sandy,Winter,Potato,36,1524,49
Tomato,136,91,47,Clay,Summer,Tomato,23,2263,76
Soybean,94,26,13,Sandy,Summer,Wheat,30,1301,44
Potato,42,22,18,Loamy,Summer,Soybean,40,1664,82
Wheat,20,90,86,Sandy,Monsoon,Tomato,19,2362,52
Cotton,74,79,42,Sandy,Winter,Wheat,18,1559,57
Barley,81,81,92,Clay,Winter,Potato,35,524,73
Chili,107,57,47,Sandy,Summer,Tomato,29,1985,87
Potato,101,96,62,Clay,Summer,Potato,17,2466,50
Maize,116,86,80,Clay,Summer,Tomato,25,1808,64
Potato,121,43,32,Sandy,Monsoon,Cotton,37,1282,63
Potato,95,71,40,Clay,Monsoon,Wheat,34,2462,40
Potato,28,35,90,Sandy,Monsoon,Potato,40,2480,67
Tomato,139,97,18,Loamy,Monsoon,Soybean,26,1439,88
Barley,53,45,83,Sandy,Monsoon,Cotton,37,564,82
Tomato,68,45,19,Loamy,Summer,Soybean,27,1094,86
Barley,86,90,77,Loamy,Monsoon,Sugarcane,15,2312,57
Cotton,102,38,38,Loamy,Summer,Chili,19,1473,49
Rice,44,38,52,Sandy,Monsoon,Maize,19,2404,59
Cotton,145,22,99,Loamy,Winter,Soybean,24,1371,53
Potato,96,31,38,Clay,Winter,Sugarcane,20,754,58
Rice,106,59,63,Sandy,Monsoon,Potato,31,917,79
Chili,140,29,67,Sandy,Summer,Maize,19,1342,84
Barley,143,35,62,Loamy,Monsoon,Cotton,32,1267,90
Chili,89,35,74,Loamy,Winter,Potato,27,2495,51
Barley,142,71,35,Sandy,Summer,Barley,33,2437,65
Rice,43,73,12,Loamy,Summer,Rice,30,1035,69
Tomato,61,48,79,Sandy,Monsoon,Potato,34,1411,89
Tomato,134,59,57,Loamy,Summer,Soybean,37,730,57
Soybean,56,75,76,Clay,Monsoon,Cotton,17,549,87
Cotton,117,99,93,Sandy,Monsoon,Wheat,28,2305,71
Rice,72,12,73,Clay,Monsoon,Tomato,32,1247,76
Potato,45,32,97,Clay,Monsoon,Soybean,32,515,87
Chili,140,99,88,Sandy,Monsoon,Sugarcane,33,1785,81
Rice,56,92,73,Sandy,Monsoon,Wheat,16,600,74
Maize,94,69,90,Clay,Winter,Tomato,30,2257,71
Maize,120,68,94,Sandy,Monsoon,Wheat,24,1137,45
Wheat,148,71,87,Clay,Summer,Cotton,15,2192,68
Rice,58,42,94,Clay,Summer,Wheat,28,635,82
Barley,30,56,15,Clay,Summer,Chili,15,2009,79
Tomato,147,89,53,Sandy,Winter,Tomato,31,668,75
Cotton,95,19,84,Sandy,Winter,Soybean,15,2461,83
Maize,99,88,80,Clay,Monsoon,Soybean,16,2273,45
Chili,66,70,11,Loamy,Winter,Wheat,24,1331,57
Potato,40,63,97,Sandy,Monsoon,Barley,18,705,71
Rice,29,18,12,Loamy,Summer,Tomato,26,944,64
Rice,42,11,10,Clay,Monsoon,Chili,37,1675,85
Wheat,42,77,98,Sandy,Winter,Potato,18,535,46
Tomato,21,70,20,Loamy,Summer,Sugarcane,26,1032,74
Soybean,62,37,11,Loamy,Monsoon,Chili,25,1360,75
Soybean,117,22,13,Sandy,Winter,Tomato,20,1537,58
Potato,59,54,98,Loamy,Monsoon,Chili,34,1210,81
Rice,47,44,79,Loamy,Monsoon,Potato,27,2212,83
Cotton,20,37,87,Sandy,Monsoon,Rice,23,2399,70
Barley,51,60,15,Loamy,Monsoon,Cotton,32,701,58
Tomato,61,17,95,Clay,Winter,Cotton,22,543,86
Soybean,52,90,51,Sandy,Summer,Cotton,17,1399,65
Chili,71,78,79,Clay,Monsoon,Soybean,15,1679,90
Soybean,80,93,65,Clay,Summer,Sugarcane,26,641,82
Potato,69,69,81,Clay,Winter,Wheat,16,1180,72
Soybean,91,61,74,Clay,Summer,Chili,33,1113,46
Potato,89,23,35,Loamy,Summer,Chili,29,771,68
Chili,65,89,26,Loamy,Monsoon,Sugarcane,31,1178,90
Soybean,86,99,53,Clay,Monsoon,Barley,27,1008,52
Tomato,49,36,78,Loamy,Winter,Maize,28,662,84
Barley,27,97,77,Loamy,Monsoon,Barley,19,1157,73
Soybean,57,21,82,Clay,Summer,Rice,27,963,47
Wheat,131,27,12,Loamy,Summer,Sugarcane,31,848,41
Chili,53,28,72,Loamy,Monsoon,Sugarcane,30,1031,90
Chili,144,82,10,Loamy,Monsoon,Tomato,16,1833,52
Wheat,54,82,21,Loamy,Winter,Soybean,23,1968,83
Tomato,126,90,83,Sandy,Winter,Barley,16,1076,49
Sugarcane,143,27,53,Clay,Winter,Maize,17,2181,54
Barley,64,42,34,Clay,Monsoon,Wheat,36,976,72
Tomato,109,34,13,Loamy,Monsoon,Tomato,35,959,51
Cotton,37,11,30,Loamy,Summer,Rice,31,1908,46
Soybean,77,13,99,Loamy,Winter,Chili,19,1782,57
Cotton,139,94,93,Clay,Winter,Sugarcane,23,1129,85
Soybean,96,89,11,Clay,Summer,Cotton,21,2066,80
Barley,137,82,75,Sandy,Monsoon,Rice,25,1414,49
Sugarcane,70,42,73,Clay,Winter,Cotton,18,2134,41
Chili,69,95,96,Loamy,Summer,Wheat,32,567,79
Tomato,71,60,12,Clay,Monsoon,Wheat,24,1036,42
Rice,144,29,93,Loamy,Monsoon,Cotton,17,1215,47
Tomato,145,12,77,Sandy,Monsoon,Soybean,31,787,69
Potato,112,59,73,Clay,Summer,Tomato,30,1659,43
Tomato,59,99,96,Loamy,Winter,Barley,16,620,87
Sugarcane,106,19,96,Clay,Summer,Rice,15,1945,60
Sugarcane,83,59,53,Loamy,Monsoon,Barley,37,2414,63
Sugarcane,70,36,62,Loamy,Monsoon,Maize,28,2087,62
Wheat,48,87,24,Clay,Winter,Barley,28,2301,75
Chili,36,82,29,Clay,Monsoon,Soybean,30,674,58
Cotton,59,86,80,Loamy,Monsoon,Barley,17,1127,40
Cotton,136,56,61,Clay,Winter,Wheat,37,660,69
Wheat,88,43,63,Clay,Winter,Potato,19,2386,74
Soybean,42,77,95,Clay,Summer,Soybean,23,1842,60
Rice,43,38,25,Sandy,Summer,Maize,19,999,54
Tomato,29,57,55,Loamy,Summer,Barley,37,1009,41
Potato,73,38,79,Clay,Winter,Chili,25,1441,57
Soybean,40,22,88,Sandy,Winter,Potato,31,729,74
Tomato,37,47,40,Sandy,Winter,Barley,21,1865,87
Maize,128,74,65,Clay,Winter,Potato,28,1347,86
Sugarcane,30,32,19,Loamy,Winter,Rice,34,1739,67
Barley,103,69,16,Loamy,Winter,Wheat,32,1112,80
Maize,73,48,29,Loamy,Summer,Maize,35,2215,55
Potato,62,60,27,Loamy,Winter,Sugarcane,38,822,82
Chili,96,53,61,Clay,Summer,Potato,40,1010,80
Barley,82,23,85,Sandy,Monsoon,Barley,25,785,51
Rice,118,64,15,Sandy,Summer,Rice,40,2236,63
Maize,44,70,17,Clay,Monsoon,Wheat,40,1016,84
Chili,53,58,84,Sandy,Summer,Rice,18,1391,48
Rice,78,80,43,Sandy,Winter,Sugarcane,38,2174,67
Sugarcane,57,80,60,Sandy,Summer,Cotton,31,2101,65
Maize,90,35,33,Sandy,Winter,Barley,31,826,67
Maize,32,21,98,Clay,Monsoon,Soybean,20,2401,82
Rice,56,38,22,Loamy,Summer,Tomato,18,810,77
Rice,62,51,49,Loamy,Monsoon,Sugarcane,24,2014,58
